time,open,high,low,close
2015-10-06,2710.75,2747.5,2697.75,2742
2015-10-12,2742.25,2761.25,2717.75,2761
2015-10-19,2753.5,2808.75,2743.25,2801.25
2015-10-26,2802,2823.5,2786.5,2809.5
2015-11-02,2812.25,2845.5,2810.5,2829
2015-11-09,2821.25,2823.25,2751.25,2754.5
2015-11-16,2751.25,2829.75,2749.75,2823.75
2015-11-23,2822.25,2828.25,2802.25,2825.75
2015-11-30,2825.5,2838.5,2775.25,2823.5
2015-12-07,2820.25,2820.75,2742.5,2744.75
2015-12-14,2748.25,2813.75,2727.5,2736.5
2015-12-21,2754.25,2804,2740,2795
2015-12-28,2789.25,2818.75,2774.5,2780.75
2016-01-04,2744.25,2758.5,2654.25,2656
2016-01-11,2669,2687.5,2593.5,2619.75
2016-01-19,2638.25,2646.5,2548.5,2643
2016-01-25,2638,2677.25,2608.75,2672.5
2016-02-01,2663.5,2684.25,2609.25,2619.25
2016-02-08,2595.75,2622,2549.25,2603.25
2016-02-16,2626.5,2671.5,2614.5,2658.5
2016-02-22,2677,2705.25,2631,2686.75
2016-02-29,2689,2751.75,2670.75,2739
2016-03-07,2731.5,2766.5,2711.5,2764.5
2016-03-14,2759.75,2796.5,2748.75,2791.25
2016-03-21,2789.5,2801.25,2766,2782.25
2016-03-28,2785,2820.75,2773,2819.25
2016-04-04,2818,2820.25,2779.75,2794.5
2016-04-11,2802,2835.5,2786.25,2828.5
2016-04-18,2820.5,2859,2819,2840
2016-04-25,2832.25,2847.75,2799.5,2815
2016-05-02,2818.75,2831.25,2787.5,2806.5
2016-05-09,2804.25,2833.5,2792.25,2797.25
2016-05-16,2798,2822.25,2775.75,2803.75
2016-05-23,2803.25,2851.75,2797.75,2851.25
2016-05-31,2853.75,2858,2836.5,2851.75
2016-06-06,2855,2873.5,2842.25,2849.75
2016-06-13,2842,2852,2803.5,2821.5
2016-06-20,2847.25,2869.5,2779.25,2784.5
2016-06-27,2773.5,2863.5,2744.25,2859.5
2016-07-05,2848,2888.25,2828.5,2882.5
2016-07-11,2890.25,2927,2888,2915.25
2016-07-18,2918.75,2932.5,2915,2930
2016-07-25,2928.75,2934.5,2914.75,2933.25
2016-08-01,2930.75,2941.25,2904.25,2939.5
2016-08-08,2943,2948,2930.5,2943
2016-08-15,2947.5,2953.5,2928.25,2944.5
2016-08-22,2940.75,2954.25,2920.25,2931.5
2016-08-29,2932.5,2946.5,2917.5,2940.75
2016-09-06,2944.5,2949.5,2885,2885.75
2016-09-12,2880.75,2925.5,2880,2901.25
2016-09-19,2908.25,2942,2897,2928
2016-09-26,2917.25,2937.5,2902,2928.25
2016-10-03,2924,2928.5,2905.25,2915.75
2016-10-10,2927.25,2932.75,2877,2896.25
2016-10-17,2896.25,2911.75,2887,2904
2016-10-24,2915,2918.25,2881.75,2893.25
2016-10-31,2894.5,2897,2848.25,2849
2016-11-07,2878.75,2947.75,2877.25,2930.75
2016-11-14,2934.75,2956.75,2921.5,2949.75
2016-11-21,2955.75,2981,2954,2980.75
2016-11-28,2975.5,2982.25,2955.25,2961.5
2016-12-05,2970.25,3030,2968,3029
2016-12-12,3027.75,3047.75,3017.75,3030
2016-12-19,3030.75,3044.25,3026.25,3034.5
2016-12-27,3037,3044.25,3002.75,3009.5
2017-01-03,3026.75,3051.75,3014.25,3046
2017-01-09,3043.5,3048.75,3023.25,3047
2017-01-17,3037.25,3047.5,3027.75,3041.25
2017-01-23,3037.25,3071.25,3026.5,3063.5
2017-01-30,3055.75,3068.75,3037,3066
2017-02-06,3061.5,3090.5,3055.75,3087.5
2017-02-13,3093.75,3125.75,3093.25,3122.25
2017-02-21,3127.75,3141.5,3126.25,3139.75
2017-02-27,3138.5,3175.75,3132.25,3155.5
2017-03-06,3146.75,3153,3128.75,3146.25
2017-03-13,3147.5,3165.75,3132.75,3152.75
2017-03-20,3150.75,3156.75,3109.75,3122.75
2017-03-27,3099,3144.75,3096,3136.75
2017-04-03,3137.25,3153,3118,3130.25
2017-04-10,3132.25,3141.25,3102,3105.5
2017-04-17,3108.75,3136.25,3106.75,3125.25
2017-04-24,3149.5,3172.75,3143.75,3158.5
2017-05-01,3164,3176,3153.5,3175.75
2017-05-08,3173.75,3178,3157,3166.75
2017-05-15,3170.5,3182.5,3129.5,3159.5
2017-05-22,3164,3195.75,3163,3192
2017-05-30,3187.75,3217.75,3180.75,3215.75
2017-06-05,3213.75,3223.75,3192.75,3209
2017-06-12,3204.5,3222,3196.25,3211.5
2017-06-19,3220,3231.5,3208,3214.5
2017-06-26,3222.25,3227.5,3182.25,3201.25
2017-07-03,3211.75,3216.5,3185.25,3202.5
2017-07-10,3201,3241.25,3190.25,3236.25
2017-07-17,3235.75,3255.25,3228,3249.25
2017-07-24,3249,3260.5,3237,3251
2017-07-31,3253.75,3257.75,3243.25,3252.5
2017-08-07,3254.25,3268.5,3215.75,3220.25
2017-08-14,3234.25,3254,3199.5,3207
2017-08-21,3204.25,3234,3195.75,3222.5
2017-08-28,3228.25,3259.75,3206.25,3254
2017-09-05,3248.75,3251.25,3225.5,3242.75
2017-09-11,3255.75,3279.75,3255.75,3279
2017-09-18,3282.75,3289,3275.75,3281
2017-09-25,3277.5,3299.5,3266.75,3298.5
2017-10-02,3300,3332.5,3299.25,3327
2017-10-09,3330.75,3337.25,3321,3334.25
2017-10-16,3336.5,3356.25,3327,3355.75
2017-10-23,3358.5,3362.5,3323.25,3360.25
2017-10-30,3354,3367.25,3344,3364.5
2017-11-06,3364.75,3375.25,3345,3361.5
2017-11-13,3354.25,3371.25,3337.25,3357.75
2017-11-20,3361.75,3384.75,3358.75,3383.25
2017-11-27,3383.5,3440.25,3379.5,3426.25
2017-12-04,3442,3447,3405.75,3433
2017-12-11,3434.25,3461.5,3433,3460.75
2017-12-18,3471.25,3476.75,3457.75,3465
2017-12-26,3464.25,3472.75,3447.5,3451.75
2018-01-02,3465.75,3522,3460.5,3521.5
2018-01-08,3518.75,3567.75,3515.25,3567.25
2018-01-16,3579.5,3593.75,3548,3590
2018-01-22,3588.25,3654,3588,3652.75
2018-01-29,3645,3650,3534,3536
2018-02-05,3518,3541.75,3309,3396.75
2018-02-12,3418.25,3533.5,3398.75,3513.25
2018-02-20,3499.5,3528.25,3472.25,3527
2018-02-26,3538.25,3568.5,3425.75,3469.25
2018-03-05,3454.75,3565.75,3453.25,3562
2018-03-12,3568.75,3581,3519.5,3529.5
2018-03-19,3518.75,3519,3359.75,3370.5
2018-03-26,3403.5,3449.75,3366.75,3410.5
2018-04-02,3405.75,3446,3325.75,3378.25
2018-04-09,3392.5,3454.25,3383.75,3431
2018-04-16,3449,3491.75,3433.5,3446
2018-04-23,3450.75,3457.5,3385,3444.5
2018-04-30,3448.75,3455.5,3365,3437.5
2018-05-07,3443.75,3506.25,3426,3503.5
2018-05-14,3507.5,3515,3474.25,3487.25
2018-05-21,3502.5,3515.5,3479.5,3492
2018-05-29,3474.5,3510.75,3448.75,3507.5
2018-06-04,3516.25,3553.5,3512.75,3552.25
2018-06-11,3554.5,3566,3535.5,3554.5
2018-06-18,3536.75,3550,3516.25,3529.5
2018-06-25,3514.5,3518,3463.5,3492.25
2018-07-02,3473.25,3536.25,3470.5,3532.5
2018-07-09,3543.5,3576.25,3542.25,3573.25
2018-07-16,3573,3588.25,3560.75,3571
2018-07-23,3570,3619.5,3566,3587.5
2018-07-30,3589.75,3610.5,3565,3610.25
2018-08-06,3609,3633.75,3596,3607.5
2018-08-13,3607,3627,3573,3622.5
2018-08-20,3626.75,3647.25,3621.5,3646.75
2018-08-27,3658.5,3687.5,3657,3675.75
2018-09-04,3667.5,3671,3635,3645
2018-09-10,3655.25,3679.5,3637.25,3676.5
2018-09-17,3674.5,3711.5,3657.25,3699
2018-09-24,3692.5,3701,3672.5,3685.25
2018-10-01,3698.75,3709.75,3638.25,3659.25
2018-10-08,3646.25,3665,3477.25,3533.75
2018-10-15,3528.25,3584.25,3513.5,3532.75
2018-10-22,3542,3545.5,3392.25,3435.5
2018-10-29,3457.25,3521.5,3368,3489
2018-11-05,3492.75,3582.5,3482,3544
2018-11-12,3539.25,3542.5,3436.25,3507.5
2018-11-19,3496.25,3499.75,3393.5,3393.5
2018-11-26,3422.25,3529.75,3417.5,3529.25
2018-12-03,3566.25,3567.5,3386.25,3400
2018-12-10,3395.75,3451.5,3348,3366.75
2018-12-17,3354.75,3367.25,3171,3174.5
2018-12-24,3162,3284.75,3102.25,3248.75
2018-12-31,3265.25,3301,3205,3292.5
2019-01-07,3296.25,3361.25,3286.25,3356.75
2019-01-14,3337.25,3438.25,3332.5,3433.25
2019-01-22,3416,3434.25,3374.25,3425
2019-01-28,3400.25,3477.75,3384,3466.5
2019-02-04,3466.5,3499.5,3442.5,3467.75
2019-02-11,3476.25,3539.25,3464.5,3538.75
2019-02-19,3528,3556.25,3526,3553.25
2019-02-25,3569.5,3575.75,3536.75,3567
2019-03-04,3577.25,3579.75,3483.75,3509
2019-03-11,3512.25,3593.25,3511.75,3587
2019-03-18,3586.75,3622.75,3562,3567.5
2019-03-25,3558.5,3597.25,3546.25,3596.5
2019-04-01,3615.75,3654.5,3612.75,3653.25
2019-04-08,3648.25,3671.5,3634,3669.5
2019-04-15,3669,3680.25,3651.75,3667.25
2019-04-22,3656.75,3699.5,3655.75,3698.75
2019-04-29,3698.75,3712.75,3657.75,3704.25
2019-05-06,3654.25,3695,3582.75,3643.5
2019-05-13,3583.5,3650.75,3558.75,3619.25
2019-05-20,3598.75,3627.5,3562.5,3588.5
2019-05-28,3587.5,3598,3506.75,3508.75
2019-06-03,3507.75,3643,3485.5,3632
2019-06-10,3647.5,3668.25,3632,3647.25
2019-06-17,3648,3721.75,3644.5,3703.5
2019-06-24,3708.75,3712.5,3669.25,3707.25
2019-07-01,3731.75,3754,3708,3743
2019-07-08,3734,3770.5,3718.25,3767.25
2019-07-15,3774,3774,3728.25,3729.75
2019-07-22,3737,3782,3731,3776.5
2019-07-29,3778.5,3778.75,3666,3684.25
2019-08-05,3637.5,3693,3573,3671.5
2019-08-12,3654.5,3696.75,3577.5,3644.25
2019-08-19,3676,3692.25,3586.5,3608.25
2019-08-26,3625,3694.25,3604.25,3673.75
2019-09-03,3656.5,3739,3643.5,3733.25
2019-09-09,3742,3774.25,3709.75,3759.25
2019-09-16,3747.5,3774.5,3730.75,3739.25
2019-09-23,3736.25,3759.25,3696.25,3713.75
2019-09-30,3719,3744,3605,3700
2019-10-07,3691.5,3744,3640.5,3720.25
2019-10-14,3715,3758,3711.5,3738.25
2019-10-21,3749.5,3776.5,3739.75,3770
2019-10-28,3783.25,3815,3770.25,3813.25
2019-11-04,3831.5,3847,3813,3840.25
2019-11-11,3826,3869.5,3824.5,3867.75
2019-11-18,3866,3878,3840.75,3861.75
2019-11-25,3869.5,3905,3869.25,3893.75
2019-12-02,3894.75,3901,3819.5,3896.5
2019-12-09,3892,3934,3875.5,3922
2019-12-16,3939,3975.25,3938.75,3971
2019-12-23,3976.25,3996.75,3968.25,3983
2019-12-30,3987.25,4005.5,3958.75,3981
2020-01-06,3960.25,4029.5,3959,4010.5
2020-01-13,4018.75,4076,4013.75,4070
2020-01-21,4062.25,4083.25,4026.25,4039
2020-01-27,3982.5,4038.5,3958.5,3973.75
2020-02-03,3985,4092.25,3983.5,4071.75
2020-02-10,4062.25,4130.5,4062,4127
2020-02-18,4114.25,4139.5,4073.75,4085.75
2020-02-24,3978.5,4005.75,3599,3716.75
2020-03-02,3726.25,3882.75,3643.75,3709.5
2020-03-09,3507.75,3630.5,3193.75,3443
2020-03-16,3259.25,3308.25,3018.75,3045
2020-03-23,3036.25,3382.5,2936.25,3281
2020-03-30,3310,3386.25,3191,3238.25
2020-04-06,3332,3566.25,3320.75,3536.75
2020-04-13,3525.5,3629.5,3467.75,3625.75
2020-04-20,3579.5,3617.5,3474,3585.75
2020-04-27,3605.75,3704,3568.5,3577.75
2020-05-04,3561,3686.5,3545.25,3685
2020-05-11,3657,3696,3517,3603.25
2020-05-18,3683.75,3732.5,3672.25,3709.75
2020-05-26,3773,3822.25,3722.25,3811
2020-06-01,3789.5,3967.25,3783.75,3943.75
2020-06-08,3956.5,3988,3738.75,3792.5
2020-06-15,3733.5,3911.75,3720.25,3828.25
2020-06-22,3846.75,3912.75,3760.25,3776
2020-06-29,3781,3924.25,3756.25,3896.5
2020-07-06,3931.25,3947.25,3873,3946.75
2020-07-13,3968.25,3997.5,3886.75,3980.5
2020-07-20,3981.5,4039.5,3959.25,3971
2020-07-27,3983.75,4034.75,3962.75,4031.5
2020-08-03,4050.75,4114.5,4044.25,4113
2020-08-10,4117.75,4150.25,4087.25,4129.75
2020-08-17,4146.5,4164,4119,4160.25
2020-08-24,4188.25,4274.5,4177.25,4271.5
2020-08-31,4270.5,4354.75,4115.5,4186
2020-09-08,4133.5,4192,4076.5,4102.75
2020-09-14,4141.25,4197.5,4058.75,4095.25
2020-09-21,4036,4090.5,3976,4065.5
2020-09-28,4111,4165.5,4089.5,4117.5
2020-10-05,4138.5,4252,4121.75,4251.5
2020-10-12,4274.75,4319,4209.5,4240.25
2020-10-19,4265.25,4271.75,4184.75,4229.25
2020-10-26,4199.75,4208,4003,4049.75
2020-11-02,4080,4300.5,4050,4284
2020-11-09,4418.5,4423.25,4284.5,4359.25
2020-11-16,4389,4407.5,4320.25,4321.5
2020-11-23,4351,4420.75,4326.75,4415
2020-11-30,4406.5,4478,4370.25,4469.25
2020-12-07,4468.5,4488.5,4410.25,4439.25
2020-12-14,4464.25,4503,4420.75,4496
2020-12-21,4440.25,4486.25,4409.5,4477.25
2020-12-28,4507.25,4537.5,4499,4531.75
2021-01-04,4543,4607.75,4437,4607.5
2021-01-11,4567.25,4600.5,4526,4535
2021-01-19,4572.75,4638.25,4556.75,4618
2021-01-25,4625.5,4646.75,4470,4485.5
2021-02-01,4525.25,4672.75,4501.75,4668.75
2021-02-08,4680.5,4719.5,4663,4719
2021-02-16,4727.5,4729.5,4665,4683
2021-02-22,4657.75,4712,4569.5,4586.75
2021-03-01,4643.25,4696.5,4505,4623.5
2021-03-08,4633.25,4743,4600.75,4728.5
2021-03-15,4730,4767.25,4668.75,4689.75
2021-03-22,4697.75,4761.75,4637,4758
2021-03-29,4741.5,4808.25,4725.5,4807.75
2021-04-05,4832,4915.25,4831.25,4906.5
2021-04-12,4906.5,4977.25,4899.75,4966.5
2021-04-19,4960.5,4980.5,4904.25,4961.25
2021-04-26,4972,5004.75,4960.5,4974.75
2021-05-03,4992,5026,4914.25,5021
2021-05-10,5022.25,5024.75,4844.75,4967.25
2021-05-17,4950.5,4978.75,4849.25,4950.5
2021-05-24,4970,5009.25,4967.25,4997.75
2021-06-01,5022.5,5025.75,4959,5019.75
2021-06-07,5022.25,5042.75,4999.5,5039
2021-06-14,5040.25,5051.25,4950.25,4954
2021-06-21,4976.25,5079.5,4967.5,5074.25
2021-06-28,5080,5149.75,5067,5142.75
2021-07-06,5146.25,5166.75,5083,5162.25
2021-07-12,5162,5187.25,5117,5117.5
2021-07-19,5069.5,5211,5026.75,5203.75
2021-07-26,5200.75,5225.25,5167.5,5197.5
2021-08-02,5210.75,5236,5168,5233
2021-08-09,5231.25,5266,5219.5,5264.25
2021-08-16,5252,5279.25,5167.25,5237
2021-08-23,5257.75,5312.75,5257,5307
2021-08-30,5316,5346.75,5313.25,5336.5
2021-09-07,5333.5,5334.75,5259.25,5264
2021-09-13,5292.75,5295.5,5223.75,5227.25
2021-09-20,5166.5,5267.25,5106,5258
2021-09-27,5245.75,5258.75,5089.25,5159.5
2021-10-04,5147,5233.75,5079.75,5191.5
2021-10-11,5188.25,5279.75,5131,5275.5
2021-10-18,5256,5363.75,5249,5347
2021-10-25,5360,5413.25,5341,5412.25
2021-11-01,5420.25,5524,5398.75,5496.75
2021-11-08,5514,5519.25,5437.5,5494
2021-11-15,5503.75,5526.5,5479.25,5507.5
2021-11-22,5524.75,5552.75,5389.5,5391.25
2021-11-29,5457.25,5482,5304.25,5343.5
2021-12-06,5377,5524.75,5351.5,5523.25
2021-12-13,5518,5544.75,5411.5,5438
2021-12-20,5374.25,5552.75,5341.75,5537.75
2021-12-27,5551.25,5621.25,5551,5585.5
2022-01-03,5594.5,5629.75,5475.25,5489.5
2022-01-10,5455.25,5561,5394.25,5480.75
2022-01-18,5425.5,5428,5203.75,5207
2022-01-24,5147.75,5267.75,5034.25,5234.75
2022-01-31,5238.5,5407.5,5224.25,5308.5
2022-02-07,5321,5404,5214.75,5234.75
2022-02-14,5224.5,5306,5142.5,5171.25
2022-02-22,5143.75,5204.75,4930.25,5200.5
2022-02-28,5145,5235.5,5096.5,5142
2022-03-07,5140,5142.75,4974.75,5027.75
2022-03-14,5033.5,5288.5,4982.25,5286.75
2022-03-21,5281.5,5369,5245,5365.5
2022-03-28,5359.5,5461,5331.25,5362
2022-04-04,5371.25,5418.75,5274.5,5314.5
2022-04-11,5280.5,5296.75,5205.5,5215
2022-04-18,5206.25,5339,5081.75,5084.75
2022-04-25,5074,5133.5,4948.75,4971.25
2022-05-02,4957,5133,4886,4934.75
2022-05-09,4885.5,4899,4685,4841.5
2022-05-16,4833.25,4919.75,4637.5,4727.25
2022-05-23,4761,4992.25,4702,4990.5
2022-05-31,4968,5006.75,4901.5,4942.75
2022-06-06,4979.75,4998.25,4725.25,4738
2022-06-13,4627.5,4670,4466,4506.5
2022-06-21,4563.25,4746.75,4546.25,4735.75
2022-06-27,4755.75,4777,4568.25,4652.5
2022-07-05,4601.5,4749,4571,4732.75
2022-07-11,4700.25,4711,4550.75,4691.25
2022-07-18,4725,4843.25,4647.25,4789.5
2022-07-25,4798.25,4971,4740.25,4958.75
2022-08-01,4932,4997,4907.5,4967.75
2022-08-08,4991.25,5109.75,4940,5105.5
2022-08-15,5085.25,5154.5,5047.75,5057.75
2022-08-22,5005.75,5033.25,4880,4884.75
2022-08-29,4855,4891,4730.5,4756.25
2022-09-06,4761,4904.25,4713.75,4891.5
2022-09-12,4916.5,4946.75,4660.75,4702.25
2022-09-19,4661.75,4734.75,4468,4515.75
2022-09-26,4499.75,4559,4403,4420
2022-10-03,4443.5,4627.75,4424.75,4457.25
2022-10-10,4470.75,4533,4309.75,4408.25
2022-10-17,4470,4585,4463.25,4573
2022-10-24,4587.25,4724.25,4559.5,4724.25
2022-10-31,4692,4732,4512,4582.5
2022-11-07,4600.75,4817.5,4557.75,4808.25
2022-11-14,4789.5,4846.5,4721.5,4777.5
2022-11-21,4766.25,4847.25,4745.25,4842
2022-11-28,4808.25,4917.75,4749,4878.25
2022-12-05,4853.5,4863.25,4729.25,4744.75
2022-12-12,4752.25,4915.5,4629.75,4647.5
2022-12-19,4654.5,4693.25,4563,4643.75
2022-12-27,4644.25,4657.25,4579,4641.75
2023-01-03,4655.5,4703.25,4589,4688
2023-01-09,4714,4798.75,4671.75,4790.25
2023-01-17,4792.75,4809.75,4676.25,4760.5
2023-01-23,4771,4883.75,4737.75,4858.5
2023-01-30,4829,4983,4804,4919.75
2023-02-06,4895.75,4962.75,4844.25,4873
2023-02-13,4881.5,4944.5,4830.25,4860.5
2023-02-21,4819.75,4830.75,4722,4749
2023-02-27,4784.75,4827.5,4705.5,4825.5
2023-03-06,4832.25,4857,4620.75,4635.25
2023-03-13,4595.75,4741.5,4584.5,4691.75
2023-03-20,4697,4816.25,4680,4746.75
2023-03-27,4768.5,4883.75,4723.25,4882
2023-04-03,4875,4905.75,4839,4874
2023-04-10,4848.25,4931.5,4841.25,4909
2023-04-17,4903.5,4937.25,4877.75,4897.5
2023-04-24,4896,4936.25,4811.25,4934
2023-05-01,4926.75,4948.75,4804.75,4892.75
2023-05-08,4897.25,4912,4854.25,4876.5
2023-05-15,4885.5,4968.25,4862.5,4943.25
2023-05-22,4947,4964.25,4856.5,4962
2023-05-30,4975.5,5040.25,4916.5,5031.25
2023-06-05,5034.5,5068,5007,5050
2023-06-12,5057,5190.75,5049.5,5156.25
2023-06-20,5132.25,5142,5078.75,5085.25
2023-06-26,5080.25,5195.25,5065.75,5180.5
2023-07-03,5180,5191.25,5116.75,5135.75
2023-07-10,5127.25,5257.75,5121.25,5233.5
2023-07-17,5234,5306.5,5233.5,5261.25
2023-07-24,5272.5,5330.75,5251,5303.5
2023-07-31,5308.75,5316.5,5191,5199
2023-08-07,5215.5,5242,5156.25,5183.25
2023-08-14,5169.75,5205,5047.25,5081.75
2023-08-21,5092.25,5166,5062.5,5113.25
2023-08-28,5135,5244.75,5120.5,5218.5
2023-09-05,5214.75,5218,5131.5,5162.25
2023-09-11,5185.5,5210,5142,5150
2023-09-18,5142.5,5162.5,5005.25,5013
2023-09-25,4996.25,5029.5,4925,4977.25
2023-10-02,4965.25,5006.5,4899.25,4993.75
2023-10-09,4969.75,5067,4964,5000
2023-10-16,5028.25,5071.25,4893,4893
2023-10-23,4879.25,4938.5,4770.25,4785
2023-10-30,4813.75,5039.75,4800,5027.5
2023-11-06,5030.5,5083.5,5005.75,5079.5
2023-11-13,5063.5,5184.75,5055.25,5173.25
2023-11-20,5172.5,5228.5,5172.5,5216.25
2023-11-27,5209.25,5255.75,5192.75,5250.75
2023-12-04,5214,5261.75,5200,5254.25
2023-12-11,5250.25,5387.25,5247.75,5366.75
2023-12-18,5377.5,5426.25,5338.75,5395.75
2023-12-26,5404.25,5435.25,5392.25,5409
2024-01-02,5379,5393,5315.25,5332.5
2024-01-08,5334.75,5432,5333.5,5409
2024-01-16,5397.5,5469.75,5341.75,5467.25
2024-01-22,5481.25,5529.75,5469,5510
2024-01-29,5514.5,5593.25,5461.5,5574
2024-02-05,5568.5,5644,5533.25,5638.25
2024-02-12,5638.5,5662,5532,5611
2024-02-20,5597.25,5719,5554.5,5693
2024-02-26,5699.25,5744.75,5662.5,5736.5
2024-03-04,5731.25,5788.5,5658.5,5729
2024-03-11,5709.75,5779.5,5690.25,5716.75
2024-03-18,5758.25,5855.5,5728,5822.5
2024-03-25,5809.5,5853.75,5795.75,5839.25
2024-04-01,5844.5,5850,5727,5783.25
2024-04-08,5791.25,5807,5682.75,5703
2024-04-15,5744,5745.75,5524,5536.5
2024-04-22,5563,5679.25,5538.75,5662.5
2024-04-29,5680,5699.5,5569,5694
2024-05-06,5711.25,5796.75,5706.75,5777
2024-05-13,5794.75,5881.75,5766,5858.5
2024-05-20,5860.75,5891,5806.25,5853.5
2024-05-28,5861.25,5864,5738.25,5830.25
2024-06-03,5845,5918.25,5779.5,5884.75
2024-06-10,5880,5987.25,5867.25,5967.25
2024-06-17,5963,6044.75,5957.75,6006.25
2024-06-24,5999,6053,5978.25,5999.75
2024-07-01,6005,6094,5972.5,6087.25
2024-07-08,6097,6176.25,6083.25,6136.75
2024-07-15,6158.5,6189.25,6010,6016.25
2024-07-22,6061.5,6097.75,5900.5,5968.25
2024-07-29,5982.25,6068.75,5799.75,5840
2024-08-05,5627.5,5853.25,5614,5835.75
2024-08-12,5849,6054.25,5815.75,6049
2024-08-19,6050.25,6133.25,6041.5,6118.5
2024-08-26,6129,6137,6045.5,6122.25
2024-09-03,6094.25,6098,5878.25,5883.5
2024-09-09,5930,6109.5,5880,6096.5
2024-09-16,6095.75,6204.25,6077.25,6162.5
2024-09-23,6181.25,6234,6161.5,6196.5
2024-09-30,6187,6227,6130.75,6206.75
2024-10-07,6188.5,6275,6141,6262.5
2024-10-14,6283.25,6331.75,6256.75,6314.5
2024-10-21,6305.25,6315.25,6207.75,6248.75
2024-10-28,6286.5,6293.5,6141.25,6169.75
2024-11-04,6164.5,6447.25,6131,6433.25
2024-11-11,6448.75,6452,6283.5,6307
2024-11-18,6307,6400.25,6283,6394.25
2024-11-25,6433.5,6466.75,6389.25,6458.25
2024-12-02,6462,6517.75,6454.25,6505
2024-12-09,6502.75,6509.25,6446.5,6456.75
2024-12-16,6479.25,6497.25,6231.5,6333.75
2024-12-23,6332,6440.75,6298.25,6363.5
2024-12-30,6288.5,6330,6208,6319
2025-01-06,6366,6401.5,6178.5,6198
2025-01-13,6150.75,6384.75,6146.25,6363.5
2025-01-21,6397,6495.5,6376.75,6462.5
2025-01-27,6331.25,6481,6330,6397
2025-02-03,6305.5,6456.5,6283.5,6384.5
2025-02-10,6414,6478.5,6357,6466.5
2025-02-18,6476.5,6499.75,6357.75,6366.25
2025-02-24,6383.25,6393.25,6181.25,6290.5
2025-03-03,6318,6330.25,6006.25,6107
2025-03-10,6024.5,6044.5,5842.5,5959.75
2025-03-17,5970.5,6051.75,5932,6000
2025-03-24,6063.75,6118.5,5893,5895.25
2025-03-31,5844.75,6042.75,5369.75,5386.5
2025-04-07,5223,5801.25,5148.25,5678.5
2025-04-14,5774.5,5777.75,5532.25,5607.25
2025-04-21,5538.5,5835.75,5408.5,5835
2025-04-28,5838.25,6006,5736.75,5992.75
2025-05-05,5945.5,6022.25,5877.25,5960.25
2025-05-12,6131.5,6258.75,6087,6253.75
2025-05-19,6193.5,6268.75,6061.75,6093
2025-05-27,6167.5,6237.5,6134.5,6198
2025-06-02,6178.75,6306.25,6151.75,6289.5
2025-06-09,6294,6346,6246.5,6269
2025-06-16,6296.25,6338,6232.25,6251.5
2025-06-23,6254,6468,6222.25,6448.5
2025-06-30,6477.25,6562.25,6453.25,6552.5
2025-07-07,6531,6564.5,6475.25,6526.25
2025-07-14,6523.25,6582.5,6470,6563.25
2025-07-21,6574.5,6660,6547.75,6654
2025-07-28,6658,6680,6468.5,6497
2025-08-04,6532.25,6654.25,6531,6654.25
2025-08-11,6645.25,6731.5,6616.5,6697.5
2025-08-18,6693.5,6725.25,6591.75,6713.25
2025-08-25,6699,6752,6673.5,6703.75
2025-09-02,6627.25,6770.75,6600.75,6717.25
2025-09-08,6733.5,6835,6718.25,6816.25
2025-09-15,6838.25,6902.75,6782.25,6892.75
2025-09-22,6877.25,6928,6795.5,6872.75
2025-09-29,6893.5,6971.25,6864.25,6933
2025-10-06,6959.75,6980.75,6760.75,6776.25
2025-10-13,6841.5,6938,6764.5,6881.75
2025-10-20,6904.75,7012.5,6862,6996.75
2025-10-27,7054.25,7123.25,7014.75,7043.25
2025-11-03,7079.5,7080.75,6826.75,6931.75
2025-11-10,6987,7064,6841.75,6935.5
2025-11-17,6905.5,6962.5,6710.25,6798.25
2025-11-24,6829,7035,6818,7028.5
2025-12-01,6984.75,7076.25,6984,7051.5
2025-12-08,7057,7086,6976.25,7006
2025-12-15,7042.25,7043,6888.75,7002.75
2025-12-22,7035,7107.25,7021.75,7091
2025-12-29,7064.5,7081,6980,7016.25
2026-01-05,7047.5,7130.75,7046,7117.25
2026-01-12,7082.75,7138.5,7036.5,7089.25
2026-01-20,6985,7082.25,6935.5,7051.5
2026-01-26,7071,7144.25,7011.5,7076.75
2026-02-02,7056.75,7130.5,6913.25,7059.75
2026-02-09,7048.75,7124.75,6922,6965.75
2026-02-17,6948.25,7044.75,6904.25,7041.25
2026-02-23,7021.25,7079,6941.75,6998.5
2026-03-02,6924.25,7024.5,6829,6853.75
2026-03-09,6794.75,6965.25,6740.25,6744.25
2026-03-16,6810.5,6871,6586.25,6638.25
2026-03-23,6720.5,6767.25,6460.75,6464.75
2026-03-30,6530.25,6716.25,6422,6685.75
2026-04-06,6684.25,6945.5,6635.25,6918.75
2026-04-13,6897.25,7248.25,6889,7227.75
2026-04-20,7210.75,7263,7141.75,7255
2026-04-27,7248.75,7363.25,7197.75,7316.75
2026-05-04,7313,7490.25,7262,7483
2026-05-11,7472.5,7602.5,7425.75,7482.25
2026-05-18,7501,7586.5,7416.75,7556.75
2026-05-26,7596.5,7674,7577.5,7658.75
2026-06-01,7645.5,7694.75,7426.75,7430.75
2026-06-08,7519.75,7553.5,7309.75,7505
2026-06-15,7599.25,7648.75,7472.25,7576.5
2026-06-22,7573.25,7599.25,7360,7412.25
2026-06-29,7457.25,7593.75,7409,7524.25
2026-07-06,7564.75,7627.25,7469.5,7622.5
2026-07-13,7595.5,7626.25,7473,7488.75
2026-07-20,7534.5,7563.5,7411.75,7444.75
2026-07-27,7507.75,7541,7326.25,7521.75
2026-08-03,7546.25,7820.25,7542.75,7775.25
2026-08-10,7773,7838.5,7738,7800.75
2026-08-17,7803,7809.5,7659,7691
2026-08-24,7681.75,7782.5,7655,7720.5
2026-08-31,7701.25,7766.5,7621.5,7718.5
2026-09-08,7711.5,7717.75,7628.75,7646
