time,open,high,low,close,Bar Direction,Streak,EMA
1997-09-08,1806.75,1814.25,1773.5,1797,-1,-1,
1997-09-15,1796.75,1833.75,1792.25,1823.75,1,1,
1997-09-22,1823.5,1835.25,1808.75,1816.5,-1,-1,
1997-09-29,1816.5,1848.75,1813.5,1838.75,1,1,
1997-10-06,1840,1855.5,1827.25,1840,0,0,
1997-10-13,1840,1845,1798.75,1812,-1,-1,
1997-10-20,1826.75,1843.75,1804.75,1807.25,-1,-2,
1997-10-27,1805.75,1807.25,1707.25,1787.25,-1,-3,
1997-11-03,1787,1819.25,1779.75,1794.5,1,1,
1997-11-10,1793.25,1803.75,1765.75,1795.75,1,2,
1997-11-17,1795.25,1834.25,1795.25,1832.75,1,3,
1997-11-24,1831.75,1832.25,1808,1818.25,-1,-1,
1997-12-01,1818.75,1852.25,1818.75,1849.75,1,1,
1997-12-08,1849.75,1853,1810,1818.75,-1,-1,
1997-12-15,1819,1840.25,1809.75,1809.75,-1,-2,
1997-12-22,1809,1817.25,1793.75,1798.25,-1,-3,
1997-12-29,1797.75,1837,1793.5,1837,1,1,
1998-01-05,1839.25,1845,1777.75,1781.75,-1,-1,
1998-01-12,1781.25,1825,1766.75,1820.75,1,1,
1998-01-19,1820.75,1838.25,1807.25,1816.75,-1,-1,1814.825
1998-01-26,1813.25,1851.25,1805.75,1840,1,1,1817.222619047619
1998-02-02,1840.25,1871.5,1840,1870.75,1,2,1822.3204648526078
1998-02-09,1871.25,1883.75,1862.5,1874.5,1,3,1827.2899443904546
1998-02-16,1874.75,1890.25,1869.75,1889.75,1,4,1833.2385211151732
1998-02-23,1889.5,1907.25,1882.5,1902.75,1,5,1839.8586619613473
1998-03-02,1901.5,1910.25,1884.25,1909.5,1,6,1846.491170345981
1998-03-09,1906.25,1932.25,1903.25,1921.75,1,7,1853.658677932078
1998-03-16,1921.5,1954.25,1917.5,1951.75,1,8,1863.0007086052135
1998-03-23,1951,1965.75,1939.25,1948,-1,-1,1871.0958792142408
1998-03-30,1946.75,1978,1940.75,1975.25,1,1,1881.015319289075
1998-04-06,1975,1983,1945.5,1960,-1,-1,1888.5376698329726
1998-04-13,1959.5,1972,1946.25,1971,1,1,1896.3912250869753
1998-04-20,1971,1980.5,1949.5,1953.25,-1,-1,1901.8063465072632
1998-04-27,1952.5,1970.75,1922,1970,1,1,1908.3009801732383
1998-05-04,1970,1977.5,1936.5,1956,-1,-1,1912.8437439662632
1998-05-11,1956,1969.75,1947,1953,-1,-2,1916.6681493028095
1998-05-18,1951,1969.25,1941,1954.5,1,1,1920.2711827025419
1998-05-25,1953,1961.25,1915.5,1931.25,-1,-1,1921.3167843499189
1998-06-01,1930.5,1958.5,1917.75,1958,1,1,1924.810423935641
1998-06-08,1957.75,1968.25,1921.5,1941,-1,-1,1926.3522883227229
1998-06-15,1942,1956,1911.75,1941.25,-1,-2,1927.7711180062731
1998-06-22,1939.5,1983.5,1936.75,1976.5,1,1,1932.4119639104376
1998-06-29,1976.75,1988.5,1970,1987,1,2,1937.610824490396
1998-07-06,1987.25,2006.75,1984.75,2001.5,1,3,1943.695507872263
1998-07-13,1999.25,2026,1993,2022.75,1,4,1951.2245071225238
1998-07-20,2022.75,2028.75,1964.25,1976.5,-1,-1,1953.6316969203788
1998-07-27,1975,1984,1945.25,1952,-1,-2,1953.476297213676
1998-08-03,1951.25,1957.25,1889,1923.75,-1,-3,1950.645221288564
1998-08-10,1922.5,1927,1887,1891.25,-1,-4,1944.988533546796
1998-08-17,1892.25,1942,1877,1915.75,1,1,1942.203911304244
1998-08-24,1915.75,1940,1849,1860,-1,-1,1934.3749673705065
1998-08-31,1859.75,1870,1764,1805,-1,-2,1922.0535419066487
1998-09-07,1806.5,1858,1787,1842.25,1,1,1914.453204582206
1998-09-14,1846,1878.25,1840,1849.75,1,2,1908.2909946219959
1998-09-21,1849.25,1899.5,1849,1869.75,1,3,1904.6204237056154
1998-09-28,1869,1890.75,1797.25,1831.75,-1,-1,1897.6803833526997
1998-10-05,1830.5,1837.75,1748,1810.25,-1,-2,1889.353680176252
1998-10-12,1810.25,1890.75,1805.25,1885,1,1,1888.93904396899
1998-10-19,1884.75,1911.75,1877.25,1892.75,1,2,1889.3019921624195
1998-10-26,1890.75,1929,1883.75,1924,1,3,1892.6065643374272
1998-11-02,1923.75,1967.5,1920.5,1966.75,1,4,1899.667843924339
1998-11-09,1965.25,1968,1937,1952,-1,-1,1904.6518587886876
1998-11-16,1953.5,1986.5,1948.5,1986.25,1,1,1912.4231103326222
1998-11-23,1986.25,2016.75,1986.25,2013,1,2,1922.0018617295152
1998-11-30,2014,2016.25,1968.25,1999,-1,-1,1929.3350177552757
1998-12-07,1999.5,2014.25,1972.75,1982.25,-1,-2,1934.3745398738208
1998-12-14,1979.75,2008.75,1954.25,2004,1,1,1941.005536076314
1998-12-21,2002.25,2050.25,1998.25,2046.25,1,2,1951.0288183547602
1998-12-28,2044.5,2063.5,2038.25,2052.25,1,3,1960.6689308924022
1999-01-04,2050,2097.75,2033.25,2094.75,1,4,1973.4385565216971
1999-01-11,2080.75,2080.75,2010.25,2053.75,-1,-1,1981.0872654243926
1999-01-18,2067.25,2074.25,2028.75,2039.25,-1,-2,1986.6265734792123
1999-01-25,2050.75,2095.25,2044,2088,1,1,1996.2811855288112
1999-02-01,2081,2086,2042.5,2050.5,-1,-1,2001.444882145115
1999-02-08,2054.5,2072.75,2024.25,2044.5,-1,-2,2005.5453695598658
1999-02-15,2046,2059,2035,2050.75,1,1,2009.850572458926
1999-02-22,2081.25,2082.75,2033.75,2042.5,-1,-1,2012.9600417485522
1999-03-01,2046,2086.5,2034.75,2086.25,1,1,2019.9400377724996
1999-03-08,2090.25,2115.75,2082.25,2097.95,1,2,2027.3695579846426
1999-03-15,2112.75,2131.75,2095.75,2101.5,-1,-1,2034.4296000813433
1999-03-22,2101.75,2110.75,2061,2090.25,-1,-2,2039.7458286450249
1999-03-29,2088.5,2118.25,2084.75,2097.5,1,1,2045.2462259169272
1999-04-05,2126.5,2156.75,2123.5,2152,1,2,2055.413252020077
1999-04-12,2165,2165.75,2111.25,2116.75,-1,-1,2061.254847065784
1999-04-19,2094.5,2166.5,2092,2158.75,1,1,2070.5400997261854
1999-04-26,2164.75,2170.5,2112.5,2131.5,-1,-1,2076.345804514168
1999-05-03,2152.75,2154.25,2128.75,2145,-1,-2,2082.8842993223425
1999-05-10,2140,2169.75,2130.25,2133,-1,-3,2087.657223196405
1999-05-17,2135,2144.25,2123,2128.5,-1,-4,2091.547011463414
1999-05-24,2103.75,2106,2071.75,2090.5,-1,-5,2091.447296085946
1999-05-31,2092.5,2124.75,2071.75,2123.25,1,1,2094.4761250301417
1999-06-07,2122.75,2132.75,2082,2088.25,-1,-1,2093.883160741557
1999-06-14,2088.25,2142.25,2086.25,2136.5,1,1,2097.941907337599
1999-06-21,2135.25,2144.25,2098.75,2109.25,-1,-1,2099.018868543542
1999-06-28,2109.5,2183.25,2109.25,2181,1,1,2106.826595348919
1999-07-05,2188.75,2197,2175,2190.75,1,2,2114.8193005537837
1999-07-12,2194,2208,2175.5,2205.75,1,3,2123.479367167709
1999-07-19,2207.25,2211.5,2138.25,2140.75,-1,-1,2125.124189342213
1999-07-26,2142.5,2158.25,2115.5,2119.25,-1,-2,2124.5647427381928
1999-08-02,2112.25,2133.75,2071.25,2085.75,-1,-3,2120.8681005726507
1999-08-09,2085,2112.25,2050.75,2111.25,1,1,2119.952090994303
1999-08-16,2113,2130.5,2098.25,2118.25,1,2,2119.7899870900837
1999-08-23,2120.75,2167.5,2120,2131.25,1,3,2120.881416891028
1999-08-30,2130.25,2143,2084.5,2143,1,4,2122.987948615692
1999-09-06,2141.5,2145.25,2114,2132.25,-1,-1,2123.8700487475307
1999-09-13,2133,2135.5,2076.75,2115.75,-1,-2,2123.0967107715755
1999-09-20,2116,2121.25,2039.25,2053.5,-1,-3,2116.468452602854
1999-09-27,2054.75,2072.75,2031.75,2058.25,1,1,2110.923838069249
1999-10-04,2058.25,2112.5,2057.75,2111,1,2,2110.9310915864635
1999-10-11,2111,2114.75,2016.75,2020.75,-1,-1,2102.3424161972766
1999-10-18,2018.75,2082.25,2005.75,2070.75,1,1,2099.333614654679
1999-10-25,2070.5,2147.25,2041,2140.5,1,2,2103.254222782805
1999-11-01,2139.25,2159,2116.25,2148.25,1,3,2107.539534898728
1999-11-08,2141,2167.5,2125.5,2167,1,4,2113.2024363369446
1999-11-15,2166.25,2196.75,2161.5,2192.25,1,5,2120.730775733426
1999-11-22,2192.25,2195,2166.75,2179,-1,-1,2126.280225663576
1999-11-29,2179.25,2216.5,2150.5,2202,1,1,2133.491632743235
1999-12-06,2202,2206.25,2155.5,2181,-1,-1,2138.0162391486415
1999-12-13,2180.75,2195.5,2160,2189,1,1,2142.8718354201997
1999-12-20,2186.25,2226,2174,2225,1,2,2150.6935653801806
1999-12-27,2222.75,2244.25,2214.25,2229.75,1,3,2158.2227496296873
2000-01-03,2233.75,2240.75,2129.75,2204.5,-1,-1,2162.6301068078124
2000-01-10,2204.5,2229.75,2183.5,2223.25,1,1,2168.403429968973
2000-01-17,2222.75,2229.75,2192.75,2199,-1,-1,2171.3173890195467
2000-01-24,2198.75,2213.25,2106,2111.75,-1,-2,2165.6443043510185
2000-01-31,2110,2194.25,2101.75,2176,1,1,2166.630561079493
2000-02-07,2174.25,2199.5,2129,2140.75,-1,-1,2164.165745738589
2000-02-14,2141,2159.5,2093.75,2098.75,-1,-2,2157.9356747158663
2000-02-21,2097,2119,2075.75,2082.5,-1,-3,2150.7513247429265
2000-02-28,2082.25,2159.25,2072.25,2155.25,1,1,2151.179770005505
2000-03-06,2155.75,2160.25,2093.25,2143.75,-1,-1,2150.4721728621234
2000-03-13,2142.75,2224.5,2101.25,2215.25,1,1,2156.6414897323975
2000-03-20,2212.75,2301,2190,2282.25,1,2,2168.6042049959788
2000-03-27,2279,2281.25,2220.25,2244.25,-1,-1,2175.8085664249334
2000-04-03,2240.75,2271.5,2157.75,2256.25,1,1,2183.4696553368444
2000-04-10,2257.25,2270.75,2073.75,2094.25,-1,-1,2174.972545304764
2000-04-17,2093.5,2186.75,2069,2174,1,1,2174.8799219424054
2000-04-24,2169.5,2222,2143.75,2186.75,1,2,2176.010405566938
2000-05-01,2185.75,2219.5,2131.25,2165.75,-1,-1,2175.0332240843727
2000-05-08,2165.25,2166.5,2109.25,2157.5,-1,-2,2173.363393219194
2000-05-15,2156.25,2205.5,2133.75,2141.75,-1,-3,2170.3525938649855
2000-05-22,2139.75,2150,2092.25,2108,-1,-4,2164.41425159213
2000-05-29,2110.25,2218.75,2108.25,2202.25,1,1,2168.017656202403
2000-06-05,2203.75,2210.75,2182.25,2188.75,-1,-1,2169.9921651355075
2000-06-12,2188.5,2212,2170.25,2192.5,1,1,2172.1357684559352
2000-06-19,2192,2218.75,2161.5,2168,-1,-1,2171.741885745846
2000-06-26,2168,2192.5,2155.5,2172.5,1,1,2171.8140871033847
2000-07-03,2176.75,2206.75,2160.75,2199.25,1,2,2174.4270311887767
2000-07-10,2198.5,2230.5,2190.5,2228.5,1,3,2179.5768377422264
2000-07-17,2227.75,2237.5,2193,2194.25,-1,-1,2180.974281766776
2000-07-24,2193.75,2204,2128,2136.5,-1,-2,2176.738635884226
2000-07-31,2136,2178,2133.25,2176.25,1,1,2176.6920991333473
2000-08-07,2175.75,2204,2165,2183,1,2,2177.292851596838
2000-08-14,2183.75,2212.5,2180.25,2205.25,1,3,2179.955437159044
2000-08-21,2205.5,2223.5,2199.25,2218,1,4,2183.5787288581823
2000-08-28,2218,2244.5,2207.5,2227.75,1,5,2187.7855165859746
2000-09-04,2227.5,2262,2195.5,2201.25,-1,-1,2189.0678483396914
2000-09-11,2201.5,2213.25,2161.25,2164,-1,-2,2186.6804342121018
2000-09-18,2165.5,2170,2117,2148.75,-1,-3,2183.068011906187
2000-09-25,2149.75,2161.25,2118.5,2134.25,-1,-4,2178.4186774389314
2000-10-02,2134,2154.25,2091.75,2106.5,-1,-5,2171.5692795876043
2000-10-09,2105.5,2107,2019.25,2066.5,-1,-6,2161.562681531642
2000-10-16,2066.25,2102.25,2004.25,2091.25,1,1,2154.8662356714854
2000-10-23,2091.25,2109,2028.75,2081.25,-1,-1,2147.855165607534
2000-10-30,2078.25,2125.75,2067.25,2117,1,1,2144.916578406817
2000-11-06,2116.25,2135.25,2050.75,2052.5,-1,-1,2136.1149995109295
2000-11-13,2049.25,2084.75,2015.25,2050.75,1,1,2127.9849995575078
2000-11-20,2050,2053.75,2000.5,2026.75,-1,-1,2118.3435710282215
2000-11-27,2028.75,2048,1977,2001,-1,-2,2107.1679928350577
2000-12-04,2003.25,2064.5,1993.5,2033.5,1,1,2100.1519935174333
2000-12-11,2048.75,2072.25,1983.75,1986,-1,-1,2089.2803750872017
2000-12-18,1990.25,2027,1930.5,1987.5,-1,-2,2079.5870060312777
2000-12-25,1984.25,2016.75,1978.75,1987.25,1,1,2070.79300545687
2001-01-01,1991.25,2040.25,1949,1964.25,-1,-1,2060.6460525562156
2001-01-08,1968.5,2005,1947.75,1990.25,1,1,2053.941666598481
2001-01-15,1989,2032,1983.75,2008.75,1,2,2049.6376983510063
2001-01-22,2006.25,2039.25,2001.5,2023.5,1,3,2047.1483937461485
2001-01-29,2023.25,2054.25,2013,2013.5,-1,-1,2043.9437848179439
2001-02-05,2014.5,2030.75,1979,1981.25,-1,-2,2037.9729481686159
2001-02-12,1982,2002.25,1956.5,1965.25,-1,-3,2031.0469531049382
2001-02-19,1964.5,1971.75,1877.25,1907.75,-1,-4,2019.304386142563
2001-02-26,1911.5,1937.25,1875.75,1894.25,-1,-5,2007.3944446051762
2001-03-05,1896.5,1930.75,1887.5,1892,-1,-6,1996.4044974999213
2001-03-12,1890.25,1893.5,1805.25,1808.75,-1,-7,1978.5326405951669
2001-03-19,1812,1840.5,1735.25,1800.5,-1,-8,1961.5771510146749
2001-03-26,1800.5,1841.75,1791,1821.25,1,1,1948.2126604418488
2001-04-02,1820.25,1826,1745.75,1787.75,-1,-1,1932.93050230453
2001-04-09,1785.25,1841.25,1780.75,1839.5,1,1,1924.032359227908
2001-04-16,1839.75,1915.25,1814.25,1898.75,1,2,1921.6245154919168
2001-04-23,1898.25,1907,1860,1905.25,1,3,1920.06503782602
2001-04-30,1906,1925.5,1882.25,1920,1,4,1920.0588437473514
2001-05-07,1920.75,1924.25,1890.75,1899,-1,-1,1918.0532395809369
2001-05-14,1899.25,1946.75,1883.25,1943,1,1,1920.4291215256096
2001-05-21,1942.75,1966.5,1923,1926.75,-1,-1,1921.031109951742
2001-05-28,1927.5,1930.75,1894,1912.25,-1,-2,1920.194813765862
2001-06-04,1911.75,1935.75,1903.75,1916,1,1,1919.7953076929227
2001-06-11,1911.5,1914.25,1848.25,1862.25,-1,-1,1914.3148021983586
2001-06-18,1862.5,1885.75,1852,1871.5,1,1,1910.237201988991
2001-06-25,1870.5,1882,1842.5,1874.25,1,2,1906.8098494186108
2001-07-02,1870,1884.75,1829.5,1830,-1,-1,1899.4946256644573
2001-07-09,1831,1862.25,1810.5,1861.5,1,1,1895.87608988689
2001-07-16,1861,1868,1838,1851.25,-1,-1,1891.6259860881385
2001-07-23,1851.5,1860,1805,1846.5,-1,-2,1887.3282731273634
2001-07-30,1846.5,1870.75,1839.5,1856.25,1,1,1884.368437591424
2001-08-06,1856.25,1857.5,1808.5,1827.75,-1,-1,1878.9762054398598
2001-08-13,1829.5,1839.25,1794.75,1802.5,-1,-2,1871.6927573027303
2001-08-20,1801.25,1825.5,1791.75,1824,1,1,1867.1505899405656
2001-08-27,1824.25,1828.5,1762,1775,-1,-1,1858.3743432795593
2001-09-03,1774,1795,1718.25,1719.75,-1,-2,1845.1720248719823
2001-09-10,1720.5,1739.5,1704,1732.25,1,1,1834.417546312746
2001-09-17,1672.25,1694.75,1571.5,1606.5,-1,-1,1812.7111133305798
2001-09-24,1609.25,1678.25,1606.25,1676.75,1,1,1799.7624358705245
2001-10-01,1677.25,1720.5,1661.75,1704.75,1,2,1790.7136324542842
2001-10-08,1700,1739,1687.75,1727,1,3,1784.645667458638
2001-10-15,1725.75,1747.5,1691.75,1705.5,-1,-1,1777.1079848435295
2001-10-22,1705.5,1745.5,1698.75,1735,1,1,1773.0977005727173
2001-10-29,1736.25,1736.25,1686.25,1722.5,-1,-1,1768.2788719467442
2001-11-05,1722.25,1770.5,1721,1756.5,1,1,1767.1570746184827
2001-11-12,1755.5,1785.25,1729.5,1773,1,2,1767.7135437024367
2001-11-19,1773.5,1788.5,1764,1785.75,1,3,1769.4313014450618
2001-11-26,1785.5,1797.75,1758,1768.25,-1,-1,1769.318796545532
2001-12-03,1770.25,1808.25,1758.25,1793.5,1,1,1771.6217683031005
2001-12-10,1793.5,1795.5,1747.25,1759,-1,-1,1770.4196951313766
2001-12-17,1757.25,1785.25,1752.25,1779.5,1,1,1771.2844860712455
2001-12-24,1779,1797,1773.5,1790,1,2,1773.0669159692222
2001-12-31,1790,1809,1767.25,1806,1,3,1776.2034001626296
2002-01-07,1804,1809.25,1776,1778.5,-1,-1,1776.4221239566648
2002-01-14,1778.25,1780.75,1755,1759.75,-1,-2,1774.8343026274586
2002-01-21,1760,1770.5,1748.25,1764,1,1,1773.8024642819862
2002-01-28,1763.25,1769.75,1711.5,1754,-1,-1,1771.9165153027495
2002-02-04,1754,1754.75,1706.25,1726,-1,-2,1767.5435138453447
2002-02-11,1727.75,1756.25,1725,1735.5,1,1,1764.4917506219786
2002-02-18,1734.75,1738.75,1704.5,1722.5,-1,-1,1760.4925362770282
2002-02-25,1722.75,1764.25,1717.75,1763.5,1,1,1760.7789613935017
2002-03-04,1761.75,1804,1760.75,1794.75,1,2,1764.0142984036445
2002-03-11,1794.75,1804.25,1781.5,1795,1,3,1766.9653176032973
2002-03-18,1794.25,1805.75,1769.5,1778,-1,-1,1768.0162397363167
2002-03-25,1777.25,1785,1761.25,1773,-1,-2,1768.4908835709532
2002-04-01,1773.5,1778.25,1748.75,1753.75,-1,-3,1767.086989897529
2002-04-08,1754.25,1761.75,1731.25,1740.25,-1,-4,1764.5310860977645
2002-04-15,1740.75,1764,1728.25,1754.75,1,1,1763.5995540884535
2002-04-22,1755.75,1756.25,1698.5,1699.5,-1,-1,1757.494834651458
2002-04-29,1700.5,1720.5,1691.75,1701.25,1,1,1752.1381837322715
2002-05-06,1702,1718.25,1674,1682.25,-1,-1,1745.48216623396
2002-05-13,1682.25,1737.25,1681.75,1733.5,1,1,1744.3410075450115
2002-05-20,1733,1734.75,1703.75,1710.75,-1,-1,1741.141863969296
2002-05-27,1711.5,1718.25,1682.5,1692.25,-1,-2,1736.4854959722202
2002-06-03,1694.5,1699.25,1638.5,1656.5,-1,-3,1728.8678296891517
2002-06-10,1657.5,1673.25,1607,1637.25,-1,-4,1720.1423220997087
2002-06-17,1639,1673,1612.5,1619,-1,-5,1710.5097199949746
2002-06-24,1620,1634.75,1573,1615.5,-1,-6,1701.4611752335484
2002-07-01,1616.5,1623.75,1562.25,1618.5,1,1,1693.5601109255913
2002-07-08,1618,1623.25,1528,1544.25,-1,-1,1679.3401003612494
2002-07-15,1544.25,1557.25,1467.25,1472,-1,-2,1659.5934241363684
2002-07-22,1470.25,1483.75,1398.5,1480.25,1,1,1642.5130980281428
2002-07-29,1482.5,1543.5,1480,1491.5,1,2,1628.1308982159387
2002-08-05,1492.5,1542.25,1456,1535.25,1,3,1619.2850983858493
2002-08-12,1534,1563.5,1503.25,1555,1,4,1613.1627080633875
2002-08-19,1555.75,1593.5,1549,1568.25,1,5,1608.885307295446
2002-08-26,1567.75,1584,1530,1539.75,-1,-1,1602.3009923149273
2002-09-02,1540.75,1540.75,1496.75,1522.25,-1,-2,1594.6770882849341
2002-09-09,1520,1555,1503.5,1519,-1,-3,1587.4697465435117
2002-09-16,1518.75,1543,1465.25,1469,-1,-4,1576.1869135393679
2002-09-23,1470.5,1484.25,1437.25,1452.25,-1,-5,1564.38339796419
2002-09-30,1452.25,1481.75,1419.25,1433,-1,-6,1551.8706933961719
2002-10-07,1431.75,1471,1394.25,1465.25,1,1,1543.6211035489175
2002-10-14,1463.75,1516.5,1454.5,1510.25,1,2,1540.4429032109254
2002-10-21,1509,1532,1499.5,1525.75,1,3,1539.0435790955992
2002-10-28,1527.25,1536.25,1493,1525.5,-1,-1,1537.753714419828
2002-11-04,1532.75,1553.5,1517.5,1518.5,-1,-2,1535.9200273322253
2002-11-11,1519,1537.5,1497.25,1536,1,1,1535.9276437767753
2002-11-18,1536,1564.5,1519.25,1555.75,1,2,1537.8154872266061
2002-11-25,1556,1569.5,1537.75,1563,1,3,1540.2140122526437
2002-12-02,1561,1582.25,1518.75,1540.75,-1,-1,1540.2650587047729
2002-12-09,1540.75,1544.75,1514,1514.5,-1,-2,1537.8112435900325
2002-12-16,1513.25,1539,1506.5,1524.5,1,1,1536.5435061052676
2002-12-23,1524,1531,1499,1499.5,-1,-1,1533.015553142861
2002-12-30,1500,1538.5,1495.75,1537.75,1,1,1533.466452843541
2003-01-06,1538.75,1560.75,1531.5,1554.25,1,2,1535.4458382870132
2003-01-13,1554.25,1564.75,1525.5,1530.75,-1,-1,1534.998615593012
2003-01-20,1531,1535,1485.25,1488,-1,-2,1530.522556965106
2003-01-27,1488,1495.5,1463.75,1482.5,-1,-3,1525.9489801112866
2003-02-03,1482.5,1491.75,1453,1458.25,-1,-4,1519.501458195926
2003-02-10,1459.25,1470.5,1433,1464.75,1,1,1514.287033605838
2003-02-17,1467,1481,1457.5,1475,1,2,1510.545411357663
2003-02-24,1475.25,1478.25,1445,1468.75,-1,-1,1506.5648959902665
2003-03-03,1471.75,1480.75,1436.75,1456.25,-1,-2,1501.7730011340507
2003-03-10,1455.25,1471.25,1416.25,1462,1,1,1497.985096264141
2003-03-17,1459.25,1524.5,1451.25,1522,1,2,1500.2722299532704
2003-03-24,1514.25,1514.25,1484.75,1491.75,-1,-1,1499.46058900534
2003-03-31,1487.25,1517.5,1468.75,1507.25,1,1,1500.202437671498
2003-04-07,1511.75,1533.75,1490.25,1497,-1,-1,1499.897443607546
2003-04-14,1499.75,1532.25,1494.25,1520,1,1,1501.8119727877797
2003-04-21,1521.75,1548.25,1513.75,1527.25,1,2,1504.2346420460865
2003-04-28,1527.75,1559,1524,1556.25,1,3,1509.1884856607448
2003-05-05,1555.75,1568.25,1547,1561,1,4,1514.1229155978167
2003-05-12,1562,1578.5,1557,1573,1,5,1519.7302569694532
2003-05-19,1570.5,1570.5,1540,1561,-1,-1,1523.6607086866481
2003-05-26,1561,1594.75,1555.75,1592,1,1,1530.169212621253
2003-06-02,1592.5,1637.25,1592.25,1616.5,1,2,1538.39119237161
2003-06-09,1615,1633.25,1601,1618.5,1,3,1546.020602621933
2003-06-16,1617.75,1645.75,1615.25,1621.5,1,4,1553.2091166579394
2003-06-23,1622.25,1622.75,1600,1603.25,-1,-1,1557.974915071469
2003-06-30,1604.5,1624.25,1590.25,1612.5,1,1,1563.1677803027576
2003-07-07,1613.75,1640,1612,1627.25,1,2,1569.270848845352
2003-07-14,1627.25,1644.75,1606.75,1620.5,-1,-1,1574.1498156219852
2003-07-21,1621.25,1628.25,1603.5,1626.75,1,1,1579.15935699132
2003-07-28,1628,1634,1607,1609.5,-1,-1,1582.0489420397657
2003-08-04,1609.25,1615,1588.25,1608,-1,-2,1584.520471369312
2003-08-11,1608,1623.5,1602.75,1620.5,1,1,1587.947093143663
2003-08-18,1620,1642.25,1619.75,1622.5,1,2,1591.2378461776
2003-08-25,1621.75,1639.25,1612.5,1637.75,1,3,1595.6675751130667
2003-09-01,1638.25,1659.75,1634.5,1652.25,1,4,1601.0563774832508
2003-09-08,1651.75,1664.75,1637,1648,-1,-1,1605.527198675322
2003-09-15,1649,1671,1643.5,1665,1,1,1611.1912749919582
2003-09-22,1663.75,1663.75,1626,1626.5,-1,-1,1612.649248802248
2003-09-29,1627.25,1670,1619.75,1660.5,1,1,1617.2064632020338
2003-10-06,1659,1679.25,1656.25,1672.5,1,2,1622.4725143256496
2003-10-13,1672.5,1687.75,1666.75,1669.75,-1,-1,1626.975132008921
2003-10-20,1669.5,1681.5,1648.25,1662,-1,-2,1630.310833722357
2003-10-27,1660.25,1686.5,1659.25,1681.5,1,1,1635.185992415466
2003-11-03,1679.25,1696.5,1675.25,1682.5,1,2,1639.6920883758978
2003-11-10,1683.25,1696.25,1673.5,1681,-1,-1,1643.6261751972409
2003-11-17,1680,1680.5,1662.25,1668.25,-1,-2,1645.9713013689322
2003-11-24,1667.75,1692.25,1667.25,1689.75,1,1,1650.1407012385578
2003-12-01,1691,1706.25,1687.75,1694.25,1,2,1654.3415868348857
2003-12-08,1693,1707,1685,1706.25,1,3,1659.2852452315633
2003-12-15,1719.25,1723.5,1698.75,1718.75,-1,-1,1664.9485552095095
2003-12-22,1715.75,1730.25,1713.75,1726.75,1,1,1670.834407094318
2003-12-29,1726.75,1751.25,1726.25,1742.25,1,2,1677.6358921329545
2004-01-05,1742,1764.25,1742,1753.25,1,3,1684.8372357393398
2004-01-12,1752.75,1772.25,1747,1771.25,1,4,1693.0670228117835
2004-01-19,1771,1782.5,1766,1773.5,1,5,1700.7273063535185
2004-01-26,1773.25,1788.25,1754,1763.25,-1,-1,1706.6818486055645
2004-02-02,1763.5,1775.5,1755.25,1772.25,1,1,1712.9264344526537
2004-02-09,1772.5,1792,1770.75,1779,1,2,1719.2191549809725
2004-02-16,1778.75,1792,1771,1777,-1,-1,1724.7220926018322
2004-02-23,1777.25,1785.25,1766.5,1777.75,1,1,1729.7723694968959
2004-03-01,1777.5,1797,1776.5,1791,1,2,1735.6035724019534
2004-03-08,1791.25,1793.25,1735.5,1752.5,-1,-1,1737.2127559827197
2004-03-15,1750.75,1761.75,1735.5,1741.75,-1,-2,1737.644874460556
2004-03-22,1742,1748.5,1719.25,1740.5,-1,-3,1737.9167911785983
2004-03-29,1740.5,1779.5,1740.5,1776.5,1,1,1741.5913824949223
2004-04-05,1776,1789,1767.5,1774,-1,-1,1744.6779174954058
2004-04-12,1773.5,1784.5,1753.5,1768.5,-1,-2,1746.9466872577482
2004-04-19,1767,1776.75,1747.75,1774,1,1,1749.5231932332008
2004-04-26,1772.75,1780.75,1738.25,1740.5,-1,-1,1748.6638414967056
2004-05-03,1739.75,1762,1729,1730,-1,-2,1746.8863327827337
2004-05-10,1729.5,1737,1709.75,1729.25,-1,-3,1745.206682041521
2004-05-17,1728.5,1740.25,1712.75,1727,-1,-4,1743.4727123232808
2004-05-24,1727.25,1759,1724.5,1754.75,1,1,1744.5467397210637
2004-05-31,1756,1764,1747,1757.75,1,2,1745.8041930809622
2004-06-07,1757,1777.5,1757,1771,1,3,1748.2037937399182
2004-06-14,1769.25,1774,1756.5,1768.5,-1,-1,1750.1367657646879
2004-06-21,1769.25,1780.75,1758.25,1769.75,1,1,1752.0046928347176
2004-06-28,1771.25,1780.25,1756.75,1760.25,-1,-1,1752.7899601837921
2004-07-05,1760.25,1763.5,1742.5,1747.25,-1,-2,1752.2623449281928
2004-07-12,1748.25,1754.25,1734.5,1737.25,-1,-3,1750.8325977921745
2004-07-19,1737.5,1750.5,1716.75,1720,-1,-4,1747.8961599072054
2004-07-26,1720.25,1738.5,1711.5,1735.5,1,1,1746.7155732493763
2004-08-02,1732.5,1742.75,1695.25,1698,-1,-1,1742.075994844674
2004-08-09,1698.75,1713.25,1694.5,1700.75,1,1,1738.140185811848
2004-08-16,1700,1735,1695.5,1733.25,1,2,1737.6744538297671
2004-08-23,1732,1744.25,1726.75,1742.75,1,3,1738.1578391793132
2004-08-30,1742,1755.75,1728.75,1749,1,4,1739.1904259241405
2004-09-06,1749.25,1760,1748,1757.75,1,5,1740.9580044075558
2004-09-13,1758,1765.5,1754,1763,1,6,1743.0572420830267
2004-09-20,1762.75,1766.5,1741,1745.5,-1,-1,1743.289885694167
2004-09-27,1745.25,1767.5,1735.25,1767.25,1,1,1745.5718013423416
2004-10-04,1765.5,1777.75,1754.25,1756,-1,-1,1746.5649631192614
2004-10-11,1756,1761.5,1736,1742.25,-1,-2,1746.1540142507604
2004-10-18,1742.75,1752.5,1727.75,1730,-1,-3,1744.615536703069
2004-10-25,1729.5,1766,1722,1764.25,1,1,1746.485485588491
2004-11-01,1761.5,1805.75,1760.25,1801.75,1,2,1751.7487726753013
2004-11-08,1801,1818.75,1796.25,1816.75,1,3,1757.939365753844
2004-11-15,1817,1823.75,1803.25,1806.25,-1,-1,1762.5403785391923
2004-11-22,1806,1821,1800.5,1814.75,1,1,1767.5127234402216
2004-11-29,1814.5,1832.5,1806.25,1823.25,1,2,1772.8210354935338
2004-12-06,1823.25,1827.5,1807.5,1823.75,1,3,1777.6714130655782
2004-12-13,1823.5,1842.5,1823.5,1830,1,4,1782.6550880117136
2004-12-20,1829.25,1848.25,1827,1843.5,1,5,1788.4498415344076
2004-12-27,1844,1851.5,1839,1845.5,1,6,1793.8831899597021
2005-01-03,1845.25,1853,1814.5,1818,-1,-1,1796.1800290111591
2005-01-10,1818.75,1828.5,1808,1815.5,-1,-2,1798.0200262481917
2005-01-17,1816.75,1829.5,1799,1800.25,-1,-3,1798.2324047007448
2005-01-24,1801.75,1809.75,1796,1806.5,1,1,1799.0197947292454
2005-01-31,1808.5,1836.25,1808.5,1833.75,1,2,1802.32743332646
2005-02-07,1834.5,1841.75,1823.5,1838.75,1,3,1805.7962492001307
2005-02-14,1839.5,1845.25,1829.25,1834,-1,-1,1808.48232070488
2005-02-21,1834.75,1845,1815.25,1843.75,1,1,1811.8411473044152
2005-02-28,1843.75,1857.5,1830,1856,1,2,1816.0467523230423
2005-03-07,1857.5,1861.5,1829.75,1832.75,-1,-1,1817.6375378160858
2005-03-14,1833.25,1843.75,1814,1818.25,-1,-2,1817.6958675478872
2005-03-21,1819,1821.25,1796.25,1803,-1,-3,1816.2962611147552
2005-03-28,1803.5,1821,1794.25,1805.25,1,1,1815.2442362466834
2005-04-04,1804.75,1823.25,1798.25,1811,1,2,1814.8400232708088
2005-04-11,1810.25,1820.75,1770.5,1771,-1,-1,1810.6647829593032
2005-04-18,1771.5,1791.25,1763.25,1784.75,1,1,1808.1967083917505
2005-04-25,1784.5,1793.75,1767.75,1786,1,2,1806.0827361639647
2005-05-02,1785.25,1809.75,1783,1798.75,1,3,1805.3843803388252
2005-05-09,1800,1808.25,1774.25,1784.25,-1,-1,1803.371582211318
2005-05-16,1784.25,1820.5,1782.25,1817.75,1,1,1804.7409553340494
2005-05-23,1818.25,1828,1813.75,1827.75,1,2,1806.9322929212829
2005-05-30,1827.5,1834.5,1819,1826,-1,-1,1808.7482650240179
2005-06-06,1825.75,1837.25,1818.75,1826.5,1,1,1810.4389064503018
2005-06-13,1826.5,1847.75,1822.25,1843,1,2,1813.5399629788444
2005-06-20,1843,1847.5,1815.75,1818.25,-1,-1,1813.9885379332402
2005-06-27,1818,1831.25,1815,1822.5,1,1,1814.7991533681698
2005-07-04,1822.5,1839.75,1793.25,1839,1,2,1817.1039959045345
2005-07-11,1839,1860,1838,1853.75,1,3,1820.5940915326742
2005-07-18,1853,1868.5,1846.5,1859.5,1,4,1824.29941614861
2005-07-25,1859.25,1871.25,1853,1859.25,0,0,1827.6280431820755
2005-08-01,1861.75,1871,1849.75,1852.25,-1,-1,1829.9729914504494
2005-08-08,1852.25,1867.75,1846.75,1853.5,1,1,1832.213658931359
2005-08-15,1853.25,1861.5,1839.25,1846.25,-1,-1,1833.5504533188487
2005-08-22,1845.75,1853.5,1827.25,1828.5,-1,-2,1833.0694577646725
2005-08-29,1825.75,1851.25,1816.5,1842.25,1,1,1833.943795120418
2005-09-05,1842,1866.25,1841.75,1864.5,1,2,1836.8539098708543
2005-09-12,1864.75,1867,1847,1858.5,-1,-1,1838.9154422641063
2005-09-19,1858.75,1859.25,1827,1836.75,-1,-2,1838.7092096675249
2005-09-26,1840.25,1852.25,1832.25,1850.5,1,1,1839.8321420801415
2005-10-03,1851.5,1855.25,1802,1816.25,-1,-1,1837.5862237867946
2005-10-10,1815.75,1820.75,1788,1806.25,-1,-2,1834.6018215213855
2005-10-17,1806,1817.25,1790,1800,-1,-3,1831.3064099479202
2005-10-24,1800,1823.5,1795.75,1816,1,1,1829.8486566195468
2005-10-31,1816,1844,1815.75,1838.25,1,2,1830.6487845605423
2005-11-07,1838.75,1855,1833.5,1854.25,1,3,1832.8965193643
2005-11-14,1854.25,1868.5,1844.75,1866.5,1,4,1836.0968508534143
2005-11-21,1866.5,1889.25,1864.75,1886.25,1,5,1840.8733412483273
2005-11-28,1886,1889.25,1866.75,1882.25,-1,-1,1844.8139754151532
2005-12-05,1882.25,1890.75,1867.5,1875.5,-1,-2,1847.7364539470434
2005-12-12,1876.25,1893,1872,1882.25,1,1,1851.0234583330393
2005-12-19,1883.25,1887.75,1872.75,1884.5,1,2,1854.2117003965593
2005-12-26,1885,1889,1859.25,1862.75,-1,-1,1855.0248717873633
2006-01-02,1863.25,1901,1859.5,1899.75,1,1,1859.2844078076143
2006-01-09,1899.25,1909,1895.75,1900.75,1,2,1863.2335118259368
2006-01-16,1900.75,1903.25,1872.25,1872.75,-1,-1,1864.1398440329904
2006-01-23,1873.25,1898.5,1870.25,1897.25,1,1,1867.2931922203247
2006-01-30,1897,1899.75,1871.5,1873.5,-1,-1,1867.88431677077
2006-02-06,1873.75,1885.75,1863.75,1876.25,1,1,1868.6810485068872
2006-02-13,1876.25,1900.75,1868.5,1897,1,2,1871.3780915062314
2006-02-20,1896.25,1904.25,1891,1901,1,3,1874.199225648495
2006-02-27,1901,1907.75,1888,1894.5,-1,-1,1876.1326327295908
2006-03-06,1894.75,1899.25,1876.75,1891,-1,-2,1877.5485724696298
2006-03-13,1890.25,1919.25,1890.25,1915.25,1,1,1881.1391846153792
2006-03-20,1915.25,1919.25,1902.5,1910.5,-1,-1,1883.9354527472478
2006-03-27,1910.75,1917,1898,1905.25,-1,-2,1885.9654096284623
2006-04-03,1904.75,1921.75,1899,1901.75,-1,-3,1887.4687039495611
2006-04-10,1901.5,1906.5,1887,1892,-1,-4,1887.9002559543649
2006-04-17,1892,1922.5,1884.25,1914.75,1,1,1890.4573744349016
2006-04-24,1914,1919.75,1898,1913.75,-1,-1,1892.6757197268157
2006-05-01,1916.25,1929,1904.75,1926.75,1,1,1895.9208892766428
2006-05-08,1927,1928.75,1891.25,1892,-1,-1,1895.547471250296
2006-05-15,1886.75,1899.25,1856,1868.5,-1,-2,1892.9715216074108
2006-05-22,1868.5,1881,1844.5,1880.5,1,1,1891.7837576448003
2006-05-29,1880,1891.75,1853.75,1886,1,2,1891.2329235833906
2006-06-05,1885.5,1886.25,1833,1848.75,-1,-1,1887.1869308611629
2006-06-12,1848.75,1858,1816.25,1847.25,-1,-2,1883.3834136362902
2006-06-19,1848.25,1855.75,1834.5,1842.75,-1,-3,1879.5135647185484
2006-06-26,1843,1874.5,1833.75,1866.75,1,1,1878.2979871263058
2006-07-03,1869,1877.25,1858.25,1862.25,-1,-1,1876.769607399991
2006-07-10,1861.75,1871,1822.25,1829.5,-1,-2,1872.2677400285631
2006-07-17,1830.25,1856.25,1818.25,1832,1,1,1868.4327171687
2006-07-24,1831.75,1873.25,1830.75,1871.5,1,2,1868.7248393431096
2006-07-31,1871,1885,1857.5,1873.25,1,3,1869.1558070247181
2006-08-07,1873,1875.5,1849.75,1859.5,-1,-1,1868.2362063556973
2006-08-14,1861.5,1895,1858,1894.25,1,1,1870.7137105122974
2006-08-21,1893.75,1894,1878.75,1884.75,-1,-1,1872.0504999873167
2006-08-28,1885,1901.25,1881.75,1899.75,1,1,1874.6885476075722
2006-09-04,1899,1904,1880.25,1886.5,-1,-1,1875.8134478354225
2006-09-11,1887.25,1913,1878.75,1908.5,1,1,1878.9264528034776
2006-09-18,1907.75,1916.25,1897.25,1902.25,-1,-1,1881.1477430126702
2006-09-25,1902,1926.75,1897.75,1921.75,1,1,1885.0146246305112
2006-10-02,1922,1939.5,1912.25,1935,1,2,1889.7751365704626
2006-10-09,1934,1951,1927.25,1949.75,1,3,1895.4870283256566
2006-10-16,1949.5,1956.5,1940.25,1951.25,1,4,1900.797787532737
2006-10-23,1951,1974.25,1946.25,1961,1,5,1906.5313315772382
2006-10-30,1960.5,1963.75,1941.75,1944.75,-1,-1,1910.1712047603585
2006-11-06,1945.25,1970,1943.5,1961,1,1,1915.012042402229
2006-11-13,1961.25,1984.25,1958.75,1981,1,2,1921.296609792493
2006-11-20,1981.25,1987.5,1975.25,1979.25,-1,-1,1926.815980288446
2006-11-27,1979,1985,1954.75,1976.75,-1,-2,1931.571601213356
2006-12-04,1975.5,1996.25,1974,1986.25,1,1,1936.779067764465
2006-12-11,1986,2009,1981,2002.25,1,2,1943.0143946440398
2006-12-18,2002.25,2008,1983.75,1984.25,-1,-1,1946.9415951541314
2006-12-25,1985,2002.75,1984.5,1992.5,1,1,1951.280490853738
2007-01-01,1997,2004,1978.25,1980.5,-1,-1,1954.06330124862
2007-01-08,1981.25,2005.5,1976.25,2004.75,1,1,1958.8906058916086
2007-01-15,2005,2008.5,1995,2000.75,-1,-1,1962.8772148543126
2007-01-22,2001.25,2011.25,1986,1991.5,-1,-2,1965.603194391997
2007-01-29,1992,2018.75,1987.25,2017,1,1,1970.4981282594258
2007-02-05,2016.5,2021.75,2001,2007,-1,-1,1973.9744969966234
2007-02-12,2006.75,2025.75,1999,2023,1,1,1978.6435925207545
2007-02-19,2022.5,2028.75,2014.5,2017.75,-1,-1,1982.3680122806827
2007-02-26,2018,2023.75,1944.75,1949.75,-1,-2,1979.2615349206176
2007-03-05,1951,1977.75,1932.75,1969,1,1,1978.2842458805587
2007-03-12,1968.75,1974.5,1926.75,1950.5,-1,-1,1975.6381272252675
2007-03-19,1949.25,2002.5,1946.25,1998.5,1,1,1977.8154484419088
2007-03-26,1997.75,2000.75,1969.5,1982.75,-1,-1,1978.2854057331556
2007-04-02,1983.25,2010.5,1977.25,2004.25,1,1,1980.7582242347598
2007-04-09,2008.75,2013.25,1993.75,2012.75,1,2,1983.8050600219256
2007-04-16,2013,2045,2012.5,2044.5,1,3,1989.5855304960278
2007-04-23,2044.25,2056.5,2031.75,2053.5,1,4,1995.6726228297393
2007-04-30,2052.5,2068.5,2033.75,2065.75,1,5,2002.3466587507166
2007-05-07,2064.75,2070.5,2047.5,2063.75,-1,-1,2008.1945960125531
2007-05-14,2063.5,2079.75,2054.25,2079.5,1,1,2014.9855868685004
2007-05-21,2079,2087.25,2059.25,2068.75,-1,-1,2020.1060071667384
2007-05-28,2069,2094.5,2064,2091,1,1,2026.8578160080015
2007-06-04,2090.75,2094.25,2032,2059.5,-1,-1,2029.9665954358109
2007-06-11,2058.5,2090.75,2040.5,2084.5,1,1,2035.1602530133528
2007-06-18,2083.75,2091,2050.25,2057.25,-1,-1,2037.2640384406525
2007-06-25,2056,2067,2028.75,2052.25,-1,-2,2038.691272874876
2007-07-02,2052,2080.75,2051.5,2079.25,1,1,2042.5540087915545
2007-07-09,2079,2102.5,2052,2096.75,1,2,2047.7155317637873
2007-07-16,2097,2103,2074,2081.75,-1,-1,2050.956909691046
2007-07-23,2080.5,2093,1994,1994.75,-1,-2,2045.6038706728511
2007-07-30,1996.75,2032.5,1973,1979.75,-1,-3,2039.332073465913
2007-08-06,1976.25,2047.25,1969,1987.75,1,1,2034.419495040588
2007-08-13,1991.25,2009.25,1911.25,1986.75,-1,-1,2029.8795431319604
2007-08-20,1985.5,2020.75,1971.25,2020.25,1,1,2028.9624437860593
2007-08-27,2020,2021.5,1971.5,2013.5,-1,-1,2027.4898300921488
2007-09-03,2012.75,2036,1987,1996.5,-1,-2,2024.5384177024205
2007-09-10,1995.25,2027.75,1977.5,2021.75,1,1,2024.2728541117137
2007-09-17,2021.25,2076,2009,2058.5,1,2,2027.5325822915506
2007-09-24,2057.25,2069.5,2042.75,2062,1,3,2030.815193501879
2007-10-01,2064.5,2097.5,2059.25,2094.75,1,4,2036.9042226921763
2007-10-08,2094.25,2110.75,2080.25,2098.5,1,5,2042.7704871976832
2007-10-15,2098.5,2100,2029,2029.75,-1,-1,2041.5304407979038
2007-10-22,2029.25,2067.25,2016.5,2066.5,1,1,2043.9084940552464
2007-10-29,2066,2082.75,2020.75,2041.5,-1,-1,2043.6791136690324
2007-11-05,2039.75,2050,1975.75,1979,-1,-2,2037.5191980815055
2007-11-12,1977.75,2020.75,1961.25,1984.25,1,1,2032.445941121362
2007-11-19,1984.25,1989.75,1941,1966,-1,-1,2026.117756252661
2007-11-26,1966,2016.25,1930.25,2007.75,1,1,2024.3684461333598
2007-12-03,2008,2039.25,1986.5,2031.25,1,2,2025.023832215897
2007-12-10,2030.5,2051,1991.5,1992,-1,-1,2021.8787053381925
2007-12-17,1992,2012.75,1959.5,2011.75,1,1,2020.914066734555
2007-12-24,2010.75,2024.75,1994.75,1999.25,-1,-1,2018.8508222836451
2007-12-31,1999,2002.75,1931.25,1936.75,-1,-2,2011.0316963518694
2008-01-07,1936.25,1951.5,1898.75,1921.5,-1,-3,2002.5048681278818
2008-01-14,1922.25,1938.25,1829.5,1839,-1,-4,1986.9329759252264
2008-01-21,1841.5,1884.5,1769.25,1847.75,1,1,1973.677454408538
2008-01-28,1849.75,1911.75,1824,1910.75,1,2,1967.684363512487
2008-02-04,1910.5,1913.75,1826.5,1844,-1,-1,1955.9049003208215
2008-02-11,1843.25,1885.25,1834,1865,1,1,1947.2472907664576
2008-02-18,1863.75,1883.5,1840.75,1869.25,1,2,1939.8189773601282
2008-02-25,1868.25,1903.75,1839,1845,-1,-1,1930.7885985639255
2008-03-03,1843.25,1858.75,1796,1806.5,-1,-2,1918.951589176885
2008-03-10,1805.75,1848,1786,1805.25,-1,-3,1908.122866398134
2008-03-17,1801.75,1856,1765.25,1837,1,1,1901.3492600745021
2008-03-24,1838.5,1873.75,1826,1831.25,-1,-1,1894.6731400674066
2008-03-31,1831.25,1900.25,1821.75,1884.25,1,1,1893.680460060987
2008-04-07,1884.75,1901.25,1844,1847.75,-1,-1,1889.306130531369
2008-04-14,1847.5,1910.5,1837.25,1900.25,1,1,1890.3484038140957
2008-04-21,1901.25,1913,1880.25,1909.25,1,2,1892.1485558318009
2008-04-28,1911,1939.25,1894.5,1928,1,3,1895.562979085915
2008-05-05,1925.75,1936.25,1894,1901.25,-1,-1,1896.1046001253517
2008-05-12,1899.75,1941.75,1898.5,1938,1,1,1900.0946382086515
2008-05-19,1937.5,1953.25,1885,1885.75,-1,-1,1898.72848218878
2008-05-26,1886.5,1919.25,1882.75,1912.75,1,1,1900.0638648374675
2008-06-02,1913,1923.25,1870.75,1871.75,-1,-1,1897.3673062815183
2008-06-09,1871,1883.75,1843.25,1869.75,-1,-2,1894.7370866356594
2008-06-16,1869.25,1882,1825.25,1829,-1,-3,1888.4764117179775
2008-06-23,1830.75,1847.75,1782.75,1790,-1,-4,1879.097705840075
2008-06-30,1791.75,1804.75,1761.75,1775,-1,-5,1869.1836386172106
2008-07-07,1768.5,1788.75,1735.5,1749.75,-1,-6,1857.8090063679524
2008-07-14,1750,1773,1710.75,1770.5,1,1,1849.493862904338
2008-07-21,1769.25,1801.25,1757.25,1763.75,-1,-1,1841.3277807229724
2008-07-28,1765.25,1800,1741.5,1770.25,1,1,1834.5584682731655
2008-08-04,1771.25,1808,1756.25,1802.25,1,2,1831.4814712947689
2008-08-11,1801.5,1823.5,1784.5,1809.75,1,3,1829.4118073619338
2008-08-18,1809.5,1816,1770.5,1802.25,-1,-1,1826.8249685655592
2008-08-25,1801,1810,1772.5,1792.5,-1,-2,1823.5559239402678
2008-09-01,1792,1813.5,1726.5,1751,-1,-3,1816.6458359459566
2008-09-08,1773.5,1792,1721.25,1767.25,-1,-4,1811.9414706177702
2008-09-15,1740.25,1800.25,1645.25,1755,1,1,1806.5184734160778
2008-09-22,1753,1759.25,1689.25,1723.5,-1,-1,1798.6119521383562
2008-09-29,1729,1730.25,1611.5,1617.25,-1,-2,1781.3393852680365
2008-10-06,1612.75,1613,1346,1400,-1,-3,1745.0213485758425
2008-10-13,1418.5,1576,1374.25,1442.5,1,1,1716.2097915686193
2008-10-20,1446.5,1501.75,1349.25,1375,-1,-1,1683.7136209430364
2008-10-27,1373.25,1493,1334,1476.25,1,1,1663.9551808532235
2008-11-03,1474.75,1517.5,1406,1445.25,-1,-1,1643.1261160100594
2008-11-10,1450,1471.5,1325.75,1370.5,-1,-2,1617.1617240091014
2008-11-17,1371,1390.75,1248,1301,-1,-3,1587.0510836272822
2008-11-24,1310,1406,1292.25,1404.25,1,1,1569.64145661516
2008-12-01,1406.5,1406.5,1322,1381.5,-1,-1,1551.7232226518115
2008-12-08,1381.25,1428.25,1338,1395,1,1,1536.7972014468771
2008-12-15,1392.5,1428.25,1366.25,1391.25,-1,-1,1522.9355632138413
2008-12-22,1394.25,1401.5,1362.75,1379,-1,-2,1509.2274143363327
2008-12-29,1379,1442.75,1363.25,1435.5,1,1,1502.2057558281106
2009-01-05,1434.75,1452.75,1392.75,1395.5,-1,-1,1492.0433028921
2009-01-12,1395,1395.5,1322.75,1358.5,-1,-2,1479.3248930928523
2009-01-20,1361.75,1375.75,1307.5,1333.5,-1,-3,1465.4368080363902
2009-01-26,1333.5,1386,1320.75,1332.5,-1,-4,1452.776159651972
2009-02-02,1333.75,1379.25,1316.25,1377.75,1,1,1445.6308111136889
2009-02-09,1378,1383,1315.5,1330,-1,-1,1434.6183529123853
2009-02-17,1324,1328.75,1262.5,1279.5,-1,-2,1419.845176444539
2009-02-23,1280,1296.5,1239.5,1244.25,-1,-3,1403.1218263069638
2009-03-02,1241.25,1243.75,1175.75,1197.75,-1,-4,1383.5626047539197
2009-03-09,1198.75,1271.25,1180.75,1267.75,1,1,1372.532832872594
2009-03-16,1264.75,1314.75,1259.25,1277.25,1,2,1363.4582773609184
2009-03-23,1280,1343.75,1278.75,1329.25,1,3,1360.200346183688
2009-03-30,1325.75,1357.75,1288.75,1353.75,1,4,1359.5860274995273
2009-04-06,1353.25,1367.75,1315.5,1365.75,1,5,1360.1730724995723
2009-04-13,1362,1385.25,1344.75,1380,1,6,1362.0613513091369
2009-04-20,1378.75,1382,1336.25,1379.75,1,7,1363.7459845177905
2009-04-27,1376.5,1400.25,1351.75,1389.25,1,8,1366.174938373239
2009-05-04,1389.25,1442.75,1389.25,1438,1,9,1373.0154204329306
2009-05-11,1434.25,1436.25,1390,1396.25,-1,-1,1375.2282375345562
2009-05-18,1395.5,1436.75,1388.5,1398.25,1,1,1377.420786340789
2009-05-26,1398.25,1441,1390,1431.25,1,2,1382.5473781178566
2009-06-01,1433.5,1470.75,1429.75,1453.75,1,3,1389.3285802018702
2009-06-08,1452.75,1469.75,1438.75,1458,1,4,1395.8687154207396
2009-06-15,1456,1456,1416.5,1433,-1,-1,1399.405028237812
2009-06-22,1431.75,1436.5,1401.5,1431.25,-1,-2,1402.4378826913537
2009-06-29,1430.25,1445.5,1410,1410.5,-1,-3,1403.2057033874153
2009-07-06,1409.25,1415.5,1382.5,1391.5,-1,-4,1402.0908744933756
2009-07-13,1392,1458,1382.75,1454.25,1,1,1407.0584102559112
2009-07-20,1454.25,1496.25,1451,1495,1,2,1415.4337997553482
2009-07-27,1494.25,1511.25,1481.25,1501.75,1,3,1423.654390254839
2009-08-03,1500,1533.25,1499.25,1523.75,1,4,1433.187305468664
2009-08-10,1523,1533,1503,1523,0,0,1441.7408954240293
2009-08-17,1521.5,1544.25,1492.75,1542.5,1,1,1451.3370006217408
2009-08-24,1542.25,1556,1532,1544.75,1,2,1460.2334767530035
2009-08-31,1543.75,1548.25,1508.25,1531.25,-1,-1,1466.9969551574793
2009-09-08,1530.75,1565.5,1529.5,1558.75,1,1,1475.7353403805764
2009-09-14,1557.75,1593.25,1550,1582.75,1,2,1485.9272127252834
2009-09-21,1581,1597.5,1558,1562.75,-1,-1,1493.243668656209
2009-09-28,1564,1587.5,1533.75,1543.5,-1,-2,1498.0299859270463
2009-10-05,1543.5,1590.25,1541.25,1589.75,1,1,1506.7652253625656
2009-10-12,1589.5,1617.25,1584.75,1603.75,1,2,1516.0018705661307
2009-10-19,1602,1620.75,1592,1598.75,-1,-1,1523.8826447979277
2009-10-26,1598.25,1610.25,1551.25,1554.75,-1,-2,1526.8223929124108
2009-11-02,1553,1591.25,1547.75,1588,1,1,1532.6488316826574
2009-11-09,1587.5,1625,1586.75,1613.25,1,2,1540.3251334271663
2009-11-16,1613.75,1634,1605.25,1611.75,-1,-1,1547.1275016721982
2009-11-23,1611.5,1633.25,1588.75,1611.25,-1,-2,1553.234406274846
2009-11-30,1613.25,1640.75,1606.25,1629.75,1,1,1560.5216056772415
2009-12-07,1629.75,1632.5,1606.75,1629.75,0,0,1567.1147860889328
2009-12-14,1629.25,1639.75,1615.25,1624.5,-1,-1,1572.5800445566535
2009-12-21,1625.5,1649.25,1623.25,1648.75,1,1,1579.8343260274485
2009-12-28,1647.25,1655.25,1636.5,1637.5,-1,-1,1585.3262949772152
2010-01-04,1640.5,1668.5,1640,1668.25,1,1,1593.223790693671
2010-01-11,1668.5,1674.75,1654.25,1659,-1,-1,1599.488191579988
2010-01-19,1658.5,1673.75,1613,1617.75,-1,-2,1601.227411429513
2010-01-25,1620.75,1630.25,1593.25,1597.25,-1,-3,1600.848610340988
2010-02-01,1596.75,1628.25,1567.5,1586.5,-1,-4,1599.4820760227988
2010-02-08,1588.75,1606.5,1579.75,1605.75,1,1,1600.0790211634846
2010-02-16,1604.25,1637.75,1600.25,1633,1,2,1603.214352481248
2010-02-22,1632.75,1639.5,1611.25,1630.25,-1,-1,1605.7891760544624
2010-03-01,1632.25,1665.5,1631,1663.25,1,1,1611.261635477847
2010-03-08,1663,1686.25,1658.25,1678,1,2,1617.6176701942425
2010-03-15,1677.75,1696.75,1668,1687.5,1,3,1624.2731301757433
2010-03-22,1682,1707.75,1678,1694.75,1,4,1630.9852130161487
2010-03-29,1696,1710,1692.5,1704.95,1,5,1638.0294784431821
2010-04-05,1710,1724.25,1702.25,1723.75,1,6,1646.1933376390696
2010-04-12,1726,1741.75,1714,1721.5,-1,-1,1653.365400721063
2010-04-19,1717.25,1745,1711,1743.5,1,1,1661.949648271438
2010-04-26,1742.5,1748,1708,1714.75,-1,-1,1666.9782531979677
2010-05-03,1715.75,1733.25,1587.25,1638.25,-1,-2,1664.2422290838756
2010-05-10,1656.5,1706,1652.75,1666.5,1,1,1664.4572548854112
2010-05-17,1665,1678.75,1582.5,1615.75,-1,-1,1659.8184687058483
2010-05-24,1616.75,1638,1568,1619.75,1,1,1656.002424067196
2010-06-01,1619.75,1639,1590.5,1597.25,-1,-1,1650.4069551084153
2010-06-07,1595.25,1623.5,1572.5,1620.5,1,1,1647.5586736695186
2010-06-14,1621.75,1653,1619.75,1645.75,1,2,1647.3864190343263
2010-06-21,1651.5,1665,1598.25,1610.25,-1,-1,1643.8496172215334
2010-06-28,1609.75,1615.25,1541.5,1549.75,-1,-2,1634.8877489147208
2010-07-06,1550.5,1610.5,1538.25,1608,1,1,1632.3270109228426
2010-07-12,1607,1634.75,1594.5,1598.5,-1,-1,1629.105390834953
2010-07-19,1597.25,1637,1586.25,1636,1,1,1629.7620202792432
2010-07-26,1636.75,1654.25,1619,1633.75,-1,-1,1630.1418278716963
2010-08-02,1640,1663.25,1637.25,1655,1,1,1632.5092728362965
2010-08-09,1655.5,1662.25,1606,1611.5,-1,-1,1630.50838970903
2010-08-16,1613,1634,1597.25,1605.75,-1,-2,1628.1504478319796
2010-08-23,1605.5,1615.75,1572.5,1599.25,-1,-3,1625.398024228934
2010-08-30,1600,1640,1573,1639,1,1,1626.693450492845
2010-09-07,1639.25,1647.5,1621.75,1645.25,1,2,1628.4607409220978
2010-09-13,1648,1673.25,1647.5,1660.25,1,3,1631.4882894057075
2010-09-20,1659,1685,1657.5,1683.75,1,4,1636.4655951765926
2010-09-27,1684.5,1694,1667.75,1682.75,-1,-1,1640.8736337312027
2010-10-04,1683.75,1704.5,1667.5,1701,1,1,1646.599954328231
2010-10-11,1702,1721.5,1692.25,1715.5,1,2,1653.161863439828
2010-10-18,1714.75,1726.75,1696,1721.25,1,3,1659.6464478741302
2010-10-25,1721.25,1733.5,1708.25,1720.25,-1,-1,1665.4182147432607
2010-11-01,1721,1765,1714.25,1762.5,1,1,1674.6640990534263
2010-11-08,1761,1765.25,1732,1736,-1,-1,1680.5056134292904
2010-11-15,1736,1746.25,1711.5,1738.75,1,1,1686.052697864596
2010-11-22,1743.25,1746.5,1715.25,1723.75,-1,-1,1689.642917115587
2010-11-29,1729,1767.75,1712.75,1764,1,1,1696.7245440569595
2010-12-06,1763.75,1782,1756.75,1781.5,1,2,1704.7983970039159
2010-12-13,1782.5,1787.75,1773,1784,1,3,1712.3414068130667
2010-12-20,1785.5,1801.25,1779.5,1798.5,1,4,1720.5469871165842
2010-12-27,1795,1804,1791,1798.5,1,5,1727.9710835816713
2011-01-03,1801.5,1822.5,1800.75,1813,1,6,1736.0690756215122
2011-01-10,1811.75,1835.5,1803.5,1835,1,7,1745.4910684194633
2011-01-18,1835,1841.75,1813,1825.25,-1,-1,1753.087157141419
2011-01-24,1825,1845,1816,1817,-1,-2,1759.174094556522
2011-01-31,1815,1854,1807.75,1852.75,1,1,1768.086085551139
2011-02-07,1852.75,1874.25,1851.5,1872.75,1,2,1778.0540774034114
2011-02-14,1871.5,1888.5,1867.75,1888,1,3,1788.5251176507056
2011-02-22,1887.75,1888,1838,1864.25,-1,-1,1795.7370112077813
2011-02-28,1863.75,1882,1841.75,1865.75,1,1,1802.4049149022783
2011-03-07,1865.75,1872.75,1828.5,1851.5,-1,-1,1807.0806372925374
2011-03-14,1847.75,1851.25,1791.75,1824.75,-1,-2,1808.7634337408672
2011-03-21,1826.75,1865,1825.25,1860.5,1,1,1813.6907257655464
2011-03-28,1859.75,1884.25,1850.75,1878.25,1,2,1819.8392280735895
2011-04-04,1877.5,1887,1869.25,1874.25,-1,-1,1825.0212063522954
2011-04-11,1876.25,1880.75,1848.75,1869.25,-1,-2,1829.2334724139816
2011-04-18,1868.75,1888.25,1840.75,1881.5,1,1,1834.2112369459835
2011-04-25,1881,1914.25,1877.75,1910.25,1,2,1841.453023903509
2011-05-02,1913.75,1924,1875.75,1885,-1,-1,1845.6003549603176
2011-05-09,1887.75,1908.75,1879.25,1884.5,-1,-2,1849.305083059335
2011-05-16,1882.5,1896,1866.5,1878.25,-1,-3,1852.0617418155887
2011-05-23,1876.5,1884.25,1852.75,1880.5,1,1,1854.7701473569612
2011-05-31,1880.25,1898.25,1845,1846.75,-1,-1,1854.0063237991553
2011-06-06,1849.25,1849.5,1817.5,1819.75,-1,-2,1850.7438167706644
2011-06-13,1820.5,1842.75,1808,1821.75,1,1,1847.982500887744
2011-06-20,1820.75,1849.5,1812,1819.75,-1,-1,1845.2936912793873
2011-06-27,1820.75,1892.25,1812.75,1890.5,1,1,1849.5990540146838
2011-07-05,1890.25,1910.25,1882.25,1897.5,1,2,1854.1610488704282
2011-07-11,1895,1895.25,1851,1870.75,-1,-1,1855.7409489780064
2011-07-18,1870.25,1903.5,1847,1896.75,1,1,1859.646572884863
2011-07-25,1885.75,1896,1834.25,1844.25,-1,-1,1858.1802326101142
2011-08-01,1861.75,1865.5,1719,1753.5,-1,-2,1848.2106866472461
2011-08-08,1723,1744.75,1632.75,1732.5,1,1,1837.1906212522704
2011-08-15,1735.5,1762.5,1673.25,1679.75,-1,-1,1822.1962763711017
2011-08-22,1677.75,1744.25,1667,1731.75,1,1,1813.5823452881395
2011-08-29,1731.25,1785.5,1724.25,1725,-1,-1,1805.145931451174
2011-09-06,1720.75,1759.5,1691.75,1713.75,-1,-2,1796.4415570272527
2011-09-12,1699.25,1776.25,1685.25,1773.5,1,1,1794.256646834181
2011-09-19,1761,1776.25,1663.75,1691.5,-1,-1,1784.4702995166401
2011-09-26,1683.75,1751.75,1676.75,1687.75,1,1,1775.2588424198173
2011-10-03,1684.75,1735.5,1629.75,1716.75,1,2,1769.686571713168
2011-10-10,1719.5,1783.25,1718.25,1781,1,3,1770.7640410738186
2011-10-17,1780,1797.5,1747.25,1797,1,4,1773.262703828693
2011-10-24,1791.5,1851,1778.25,1842.75,1,5,1779.8805415592938
2011-10-31,1841.75,1842.5,1770.25,1812.75,-1,-1,1783.0109661726945
2011-11-07,1812.75,1837,1780,1823.25,1,1,1786.8432551086282
2011-11-14,1826,1832.5,1768.25,1775.75,-1,-1,1785.7867546220923
2011-11-21,1769.75,1770.75,1709.25,1715.25,-1,-2,1779.0689684676074
2011-11-28,1733.75,1824.5,1731,1805.25,1,1,1781.562400042121
2011-12-05,1809.75,1833.75,1790.25,1820.5,1,2,1785.2707428952524
2011-12-12,1817.75,1822.25,1765.75,1778.75,-1,-1,1784.6497197623712
2011-12-19,1779.75,1828.5,1763.25,1828,1,1,1788.7783178802406
2011-12-27,1828.25,1832.25,1810.75,1820.25,-1,-1,1791.7756209392653
2012-01-03,1842.5,1850,1827.5,1842,-1,-2,1796.5588951355257
2012-01-09,1842.5,1865.25,1835,1856.75,1,1,1802.2913813130947
2012-01-17,1853,1879.5,1849,1878.5,1,2,1809.5493449975618
2012-01-23,1875.25,1897.5,1869.25,1880.25,1,3,1816.2827407120797
2012-01-30,1881.75,1909.75,1863.75,1906.75,1,4,1824.8986701680722
2012-02-06,1904.25,1920.5,1898,1908.25,1,5,1832.836892056827
2012-02-13,1915,1929,1902,1927.5,1,6,1841.852426146653
2012-02-21,1934.5,1937.25,1918,1931,-1,-1,1850.3426712755431
2012-02-27,1931,1945,1920.75,1936.5,1,1,1858.5481311540627
2012-03-05,1935,1942.25,1906.25,1940.25,1,2,1866.3292615203425
2012-03-12,1940.5,1974,1933.75,1972,1,3,1876.3931413755479
2012-03-19,1970.75,1981.5,1954,1967.5,-1,-1,1885.069985054067
2012-03-26,1967.25,1993.25,1959.75,1976.75,1,1,1893.8014150489178
2012-04-02,1980.75,1991.25,1945.5,1963.75,-1,-1,1900.463185044259
2012-04-09,1948.5,1962,1926,1938.5,-1,-2,1904.0857388495676
2012-04-16,1939.5,1963.5,1932.75,1948.75,1,1,1908.3394780067517
2012-04-23,1945.75,1976.5,1927.5,1972,1,2,1914.4023848632517
2012-04-30,1973.75,1985.25,1935,1936,-1,-1,1916.459300590561
2012-05-07,1927.5,1943.75,1912.75,1923.5,-1,-2,1917.12984339146
2012-05-14,1919.5,1924.5,1863.25,1864.25,-1,-3,1912.0936678303688
2012-05-21,1865.25,1903.25,1860.75,1888.5,1,1,1909.846651846524
2012-05-29,1895.5,1907.75,1847,1847.5,-1,-1,1903.9088754801885
2012-06-04,1848.5,1903,1835.5,1902.25,1,1,1903.7508873392183
2012-06-11,1915.5,1922.5,1877.25,1917.75,1,2,1905.0841361640546
2012-06-18,1925.5,1937.25,1897.75,1907,-1,-1,1905.2665993865255
2012-06-25,1905.75,1939.75,1882.75,1936.75,1,1,1908.2650184925708
2012-07-02,1939,1955.25,1922.5,1932,-1,-1,1910.5254929218497
2012-07-09,1929.5,1936.75,1900,1932,1,1,1912.5706840721498
2012-07-16,1931.5,1956.25,1919.5,1938.5,1,2,1915.040142731945
2012-07-23,1935.75,1965.25,1901.5,1962.75,1,3,1919.583938662236
2012-07-30,1959.5,1970.75,1929.5,1969.25,1,4,1924.3140397420232
2012-08-06,1970.5,1984,1967.5,1982.75,1,5,1929.8793692904019
2012-08-13,1980.75,1997,1974.5,1995.5,1,6,1936.1289531675066
2012-08-20,1995.25,2005,1975.5,1990,-1,-1,1941.2595290563154
2012-08-27,1990.25,1996.25,1975.5,1985.25,-1,-2,1945.4490977176188
2012-09-04,1986.5,2019,1974.75,2018.5,1,1,1952.406326506417
2012-09-10,2017,2055,2001.75,2046,1,2,1961.3200096962819
2012-09-17,2046,2049.25,2030.5,2039,-1,-1,1968.7181040109217
2012-09-24,2037.25,2044,2011,2021.25,-1,-2,1973.7211417241672
2012-10-01,2019.75,2053,2014.75,2042.5,1,1,1980.2715091790085
2012-10-08,2044.25,2044.25,2007,2008.5,-1,-1,1982.9599368762458
2012-10-15,2010.5,2046.75,2003.5,2011,1,1,1985.630419078508
2012-10-22,2011.5,2020.25,1981.5,1994.5,-1,-1,1986.4751410710312
2012-10-29,1993.25,2018.5,1980,1992.5,-1,-2,1987.0489371595045
2012-11-05,1989.75,2018.75,1950.5,1962.75,-1,-3,1984.734752668123
2012-11-12,1962.25,1973.25,1927.25,1946.75,-1,-4,1981.117157175921
2012-11-19,1947.75,1994.5,1947.25,1992.25,1,1,1982.1774279210713
2012-11-26,1990.25,2006.5,1970,2001.5,1,2,1984.0176728809693
2012-12-03,2000.25,2011,1983.75,2003,1,3,1985.8255135589723
2012-12-10,2003,2025.75,1997.75,2002,-1,-1,1987.3659408390702
2012-12-17,2008.25,2038.5,1983.75,2018.5,1,1,1990.3310893305872
2012-12-24,2016.75,2018,1974.75,1976.5,-1,-1,1989.0138427276743
2012-12-31,1980.75,2055.5,1976,2050.25,1,1,1994.845857705991
2013-01-07,2052.75,2064,2038.5,2059.75,1,2,2001.0272045911347
2013-01-14,2059.25,2073.5,2049,2071.5,1,3,2007.738899391979
2013-01-22,2070.5,2091.75,2067.5,2088.25,1,4,2015.4066232594096
2013-01-28,2088.25,2103,2083.5,2099.25,1,5,2023.3917067585135
2013-02-04,2100.5,2107.5,2082.75,2105,1,6,2031.1639251624645
2013-02-11,2106,2114.5,2101,2109.5,1,7,2038.6245037184203
2013-02-19,2108.5,2122.5,2087.5,2107,-1,-1,2045.1364557452375
2013-02-25,2108,2117,2074.25,2109,1,1,2051.218698055215
2013-03-04,2107.25,2146,2099.5,2142,1,2,2059.864536335671
2013-03-11,2139.75,2156.75,2138,2151.5,1,3,2068.5917233513214
2013-03-18,2142,2153.75,2127.5,2150,1,4,2076.3448925559574
2013-03-25,2148,2162.5,2137,2160.75,1,5,2084.383474217295
2013-04-01,2161,2166,2131.25,2144,-1,-1,2090.0612385775526
2013-04-08,2143.5,2191,2141,2180,1,1,2098.6268349035
2013-04-15,2180.25,2181,2128.75,2145.5,-1,-1,2103.0909458650713
2013-04-22,2146.5,2186.25,2140.75,2174.5,1,1,2109.8918081636357
2013-04-29,2174.25,2212.25,2171.75,2206.5,1,2,2119.0925883385275
2013-05-06,2206.25,2230.25,2205.25,2227.5,1,3,2129.4171037348583
2013-05-13,2223.5,2263.75,2219.5,2261,1,4,2141.9488081410623
2013-05-20,2260.5,2283.75,2230.75,2248.5,-1,-1,2152.0965406990563
2013-05-28,2248,2270.75,2224.25,2227,-1,-2,2159.2302034896225
2013-06-03,2227.5,2243.75,2194.5,2236.5,1,1,2166.589231728706
2013-06-10,2234.5,2246.5,2195.5,2222.25,-1,-1,2171.890257278353
2013-06-17,2222.5,2253,2174.5,2188,-1,-2,2173.4245184899387
2013-06-24,2187.75,2218.5,2157.25,2203.25,1,1,2176.265040538516
2013-07-01,2204.25,2234.75,2197.25,2231.25,1,2,2181.501703344372
2013-07-08,2232.5,2278.25,2230,2274.25,1,3,2190.334874454432
2013-07-15,2274,2294.5,2269.75,2293.5,1,4,2200.1601245063907
2013-07-22,2294,2299.5,2274.5,2290.5,-1,-1,2208.763922172449
2013-07-29,2290.5,2309,2280.5,2308,1,1,2218.214977203644
2013-08-05,2306.75,2309,2284.5,2290.25,-1,-1,2225.075455565202
2013-08-12,2289,2298.5,2253.5,2255,-1,-2,2227.92541217804
2013-08-19,2255,2266.75,2235.5,2265.5,1,1,2231.50394435156
2013-08-26,2264.75,2271.5,2228.75,2235.25,-1,-1,2231.8607115561736
2013-09-03,2244.25,2268,2234.75,2257.5,1,1,2234.3025485508238
2013-09-09,2256,2294.5,2256,2292.5,1,2,2239.845162974555
2013-09-16,2302.5,2337.5,2298.5,2313.25,1,3,2246.8360998341213
2013-09-23,2317.25,2318.25,2290.75,2297.25,-1,-1,2251.637423659443
2013-09-30,2285.75,2303,2274,2295.5,1,1,2255.8148118823533
2013-10-07,2287.5,2311,2250.75,2309.75,1,2,2260.951496464986
2013-10-14,2294.75,2351,2291.5,2347.25,1,3,2269.1704015635587
2013-10-21,2348.75,2366.5,2345.25,2364.75,1,4,2278.2732204622675
2013-10-28,2364.5,2384,2357.75,2365.5,1,5,2286.5805327991943
2013-11-04,2364.75,2385.25,2347.25,2376.75,1,6,2295.1681011040328
2013-11-11,2377.75,2406.75,2365,2404.25,1,7,2305.556853379839
2013-11-18,2404.25,2414,2385.25,2412,1,8,2315.6942959150924
2013-11-25,2412.75,2423.25,2409.25,2414.75,1,9,2325.1281724946075
2013-12-02,2417,2419.75,2388.5,2415.75,-1,-1,2333.758822733216
2013-12-09,2417.25,2422.25,2382.5,2385.5,-1,-2,2338.686553901481
2013-12-16,2385.5,2435,2371,2431.5,1,1,2347.525929720388
2013-12-23,2434,2457,2433.75,2453.5,1,2,2357.618698318446
2013-12-30,2453,2463.5,2437.5,2442.5,-1,-1,2365.7026318119274
2014-01-06,2441,2459.5,2434.25,2454.75,1,1,2374.1833335441247
2014-01-13,2455.5,2462.75,2426.5,2451.25,-1,-1,2381.523016063732
2014-01-21,2451,2461,2397,2399,-1,-2,2383.187490724329
2014-01-27,2398.75,2418.25,2378.25,2393.5,-1,-3,2384.169634464869
2014-02-03,2394.5,2411,2349,2410.5,1,1,2386.6772883253575
2014-02-10,2410,2455.75,2403.25,2452,1,2,2392.8984989610376
2014-02-18,2450.5,2461.5,2434.25,2451.25,1,3,2398.455784774272
2014-02-24,2452.25,2483.5,2446.25,2474.5,1,4,2405.6980909862464
2014-03-03,2463,2504.5,2449.25,2495,1,5,2414.203034701842
2014-03-10,2492.5,2499.25,2456,2457,-1,-1,2418.2789361588098
2014-03-17,2456.5,2500.75,2447.5,2481,1,1,2424.2523708103517
2014-03-24,2479.5,2492.75,2458,2474.5,-1,-1,2429.037859304604
2014-03-31,2479,2516.5,2479,2484,1,1,2434.2723488946417
2014-04-07,2485,2491.5,2431.25,2435.75,-1,-1,2434.4130775713425
2014-04-14,2430,2487.75,2427.25,2482,1,1,2438.945165421691
2014-04-21,2483.25,2506.5,2477,2484,1,2,2443.2361020481967
2014-04-28,2485.75,2510,2468,2498.5,1,3,2448.499330424559
2014-05-05,2499.5,2508.75,2478.5,2497.5,-1,-1,2453.166060860315
2014-05-12,2498,2522.5,2483,2498.75,1,1,2457.507388397428
2014-05-19,2500.25,2523.25,2488.75,2521,1,2,2463.554303788149
2014-05-27,2522,2546.25,2521,2545.5,1,3,2471.3586558083252
2014-06-02,2545.25,2573.75,2537.75,2573.25,1,4,2481.0625933503893
2014-06-09,2573.25,2578.75,2548.75,2559.75,-1,-1,2488.5566320789235
2014-06-16,2558.25,2588,2550.5,2584.5,1,1,2497.6940956904546
2014-06-23,2584,2591.25,2567.5,2583.25,-1,-1,2505.8422770532684
2014-06-30,2583,2609.5,2579.25,2608.75,1,1,2515.643012572005
2014-07-07,2607,2608.75,2576.5,2593.75,-1,-1,2523.081773279433
2014-07-14,2594,2609.25,2573.75,2602.75,1,1,2530.6692234432967
2014-07-21,2601.5,2617,2590.25,2602.75,1,2,2537.53405930584
2014-07-28,2602,2610.75,2541.5,2549.75,-1,-1,2538.697482229093
2014-08-04,2550.75,2568.75,2521.5,2555,1,1,2540.2501029691794
2014-08-11,2554.75,2592.25,2554.5,2583.75,1,2,2544.392950305448
2014-08-18,2587,2623.25,2587,2619,1,3,2551.498383609691
2014-08-25,2621.25,2635,2618.75,2632.75,1,4,2559.2366327897203
2014-09-02,2630.25,2642.25,2619.5,2637.25,1,5,2566.666477285937
2014-09-08,2637.75,2638,2610.75,2616,-1,-1,2571.3649080206096
2014-09-15,2613,2654,2603.25,2643.25,1,1,2578.2111072567423
2014-09-22,2641.5,2642.5,2596,2615.5,-1,-1,2581.7624303751477
2014-09-29,2614.25,2617.75,2557.75,2599.75,-1,-2,2583.475532244181
2014-10-06,2600.5,2610.5,2532.75,2533.75,-1,-3,2578.7397672685447
2014-10-13,2531.5,2545.5,2452.5,2520.5,-1,-4,2573.1931227667787
2014-10-20,2523.5,2600.75,2511.75,2599.25,1,1,2575.6747301223236
2014-10-27,2599.75,2656.25,2584,2651,1,2,2582.848565348769
2014-11-03,2650.75,2673,2634.75,2665.5,1,3,2590.7201305536482
2014-11-10,2665.25,2683.25,2660.5,2677.5,1,4,2598.984880024729
2014-11-17,2678,2711.75,2664.75,2701.25,1,5,2608.7244152604694
2014-11-24,2701.75,2714.75,2700.25,2705.75,1,6,2617.9649471404246
2014-12-01,2702.75,2718.5,2687.75,2715.5,1,7,2627.2539997937174
2014-12-08,2715.25,2717,2636,2636.75,-1,-1,2628.1583807657444
2014-12-15,2638.25,2722.5,2607.75,2713.25,1,1,2636.26234450234
2014-12-22,2711.25,2735,2710.25,2730.5,1,2,2645.237359311641
2014-12-29,2732.25,2735,2685,2692.5,-1,-1,2649.738563186723
2015-01-05,2692,2708.25,2630.5,2681.5,-1,-2,2652.7634619308446
2015-01-12,2680.75,2698,2616.5,2659.25,-1,-3,2653.3812274612405
2015-01-20,2659.75,2708.75,2643.75,2690.25,1,1,2656.8925391315984
2015-01-26,2681.25,2701.25,2628.25,2634.75,-1,-1,2654.78372588097
2015-02-02,2636.75,2714.25,2620,2699.25,1,1,2659.0186091304013
2015-02-09,2696.25,2741.25,2682.75,2739.75,1,2,2666.707313022744
2015-02-17,2737.5,2755,2727,2753.25,1,3,2674.949473687245
2015-02-23,2753.5,2764,2746,2749,-1,-1,2682.00190476465
2015-03-02,2750.25,2761.75,2711.75,2717,-1,-2,2685.335056691826
2015-03-09,2719.75,2728.75,2684.5,2696,-1,-3,2686.3507655783187
2015-03-16,2697,2761,2690.75,2753.5,1,1,2692.745930761336
2015-03-23,2752,2761.25,2687.5,2706.75,-1,-1,2694.079651641209
2015-03-30,2707,2736,2687.75,2713.75,1,1,2695.9530181515697
2015-04-06,2693.75,2750.5,2693,2749.75,1,2,2701.0765402323727
2015-04-13,2749.5,2759.75,2718.75,2729.75,-1,-1,2703.807345924528
2015-04-20,2735.25,2769,2732.75,2766,1,1,2709.7304558364776
2015-04-27,2767.5,2774,2724.5,2755.75,-1,-1,2714.113269566337
2015-05-04,2756,2769.25,2711.25,2762.75,1,1,2718.7453391314475
2015-05-11,2764.25,2777,2733.5,2773.25,1,2,2723.936259214167
2015-05-18,2773.5,2788.25,2766.5,2778.75,1,3,2729.1566154794846
2015-05-26,2778.75,2781.25,2750.25,2760.25,-1,-1,2732.117890195724
2015-06-01,2761.25,2775,2737.75,2746.5,-1,-2,2733.4876149389884
2015-06-08,2746.25,2769,2723,2747.25,1,1,2734.7983182781322
2015-06-15,2741.25,2782,2724.75,2760.5,1,2,2737.2460974897385
2015-06-22,2768.5,2784.75,2749,2758.5,-1,-1,2739.270278681192
2015-06-29,2726.75,2746,2709.5,2731.5,1,1,2738.530252140126
2015-07-06,2731.25,2740.75,2697,2731.75,1,2,2737.884513841066
2015-07-13,2717.5,2782.75,2714.75,2781.5,1,3,2742.0383696657263
2015-07-20,2780.75,2789,2732.5,2740.25,-1,-1,2741.868048745181
2015-07-27,2741,2772,2719.25,2761.25,1,1,2743.7139488646876
2015-08-03,2761.5,2769.75,2724.75,2736.25,-1,-1,2743.0030965918604
2015-08-10,2734.75,2764.5,2709.25,2752.25,1,1,2743.883754059302
2015-08-17,2752.25,2766.5,2630,2634.25,-1,-1,2733.4424441488923
2015-08-24,2627.25,2655.5,2493.75,2652.5,1,1,2725.733639944236
2015-08-31,2649,2650.5,2561.5,2584.5,-1,-1,2712.282817092404
2015-09-08,2579.5,2654.75,2578.5,2623,1,1,2703.7796916550324
2015-09-14,2626.5,2684.5,2608,2623.25,-1,-1,2696.110197211696
2015-09-21,2622,2641.75,2570,2592,-1,-2,2686.1949403343915
2015-09-28,2588.25,2616.5,2533.75,2615.75,1,1,2679.485898397783
2015-10-05,2613.75,2686.75,2610,2680.25,1,2,2679.5586699789465
2015-10-12,2678,2699.25,2655.25,2698.25,1,3,2681.3387966476184
2015-10-19,2697.25,2747.25,2680.25,2738.75,1,4,2686.8065303002263
2015-10-26,2738.75,2767.5,2724,2746.5,1,5,2692.4916226525856
2015-11-02,2745.75,2783,2737,2766.5,1,6,2699.5400395428155
2015-11-09,2764.75,2770.5,2684.25,2691.25,-1,-1,2698.750511967309
2015-11-16,2679.25,2767.25,2671.25,2761.5,1,1,2704.7266536847083
2015-11-23,2762.5,2771,2738.25,2762.75,1,2,2710.252686667117
2015-11-30,2762.25,2777.75,2712.75,2761.25,-1,-1,2715.109573651201
2015-12-07,2765,2768.25,2677.75,2682.5,-1,-2,2712.003899970134
2015-12-14,2680.75,2754.5,2665,2673.75,-1,-3,2708.36067140155
2015-12-21,2679,2741.5,2677,2733,1,1,2710.707274125212
2015-12-28,2733,2756.75,2712,2717.25,-1,-1,2711.330390875192
2016-01-04,2719.5,2725.25,2591.75,2593.25,-1,-2,2700.0846393632687
2016-01-11,2591,2628.25,2531,2556.75,-1,-3,2686.4337213286717
2016-01-19,2551.5,2589.25,2486,2581,1,1,2676.392414535465
2016-01-25,2581.25,2614.75,2533,2611.75,1,2,2670.235994103516
2016-02-01,2611.5,2621.75,2546.75,2557,-1,-1,2659.4516137127052
2016-02-08,2558,2566.25,2484.25,2540,-1,-2,2648.0752695495903
2016-02-16,2547,2615.25,2546.75,2596.25,1,1,2643.1395295924863
2016-02-22,2592.75,2650.5,2568.5,2624.5,1,2,2641.3643362979637
2016-02-29,2624.75,2689.25,2602.5,2676.75,1,3,2644.7343995076817
2016-03-07,2676.25,2704,2649,2701.75,1,4,2650.1644566974264
2016-03-14,2701,2734,2686.25,2728.75,1,5,2657.6487941548144
2016-03-21,2727.75,2738.75,2703.5,2719.75,-1,-1,2663.563194711499
2016-03-28,2721.5,2758.25,2710.5,2756.25,1,1,2672.39050950088
2016-04-04,2755.25,2762.75,2717.25,2732,-1,-1,2678.0676038341294
2016-04-11,2732.25,2773,2720.5,2766.25,1,1,2686.465927278498
2016-04-18,2755.5,2796.5,2749.75,2777.25,1,2,2695.1120294424504
2016-04-25,2782.75,2785.5,2737,2750.25,-1,-1,2700.363264733646
2016-05-02,2752,2768.75,2721.75,2744,-1,-2,2704.5191442828223
2016-05-09,2744.25,2771,2729.75,2734.75,-1,-3,2707.398273398744
2016-05-16,2732.5,2760.75,2713.25,2741.25,1,1,2710.6222473607686
2016-05-23,2744.5,2790,2732.5,2788.5,1,2,2718.0391761835526
2016-05-31,2791.25,2797.25,2774,2789,-1,-1,2724.797349880357
2016-06-06,2788.75,2811,2779.75,2787.5,-1,-2,2730.769030844133
2016-06-13,2780.5,2789.5,2741,2759.25,-1,-3,2733.4815040970725
2016-06-20,2771.25,2819.75,2699.25,2718.75,-1,-4,2732.078503706875
2016-06-27,2714,2801,2681.75,2796.5,1,1,2738.2138843062203
2016-07-05,2800,2825.75,2766,2820.75,1,2,2746.0744667532467
2016-07-11,2820.5,2868.25,2820.25,2853,1,3,2756.2578508719853
2016-07-18,2854.75,2870.5,2851.5,2867.75,1,4,2766.876150788939
2016-07-25,2868,2872.75,2852.25,2868.5,1,5,2776.5546126185636
2016-08-01,2874.25,2878.75,2841.75,2877,1,6,2786.1208399882244
2016-08-08,2876.25,2885.5,2868,2880.5,1,7,2795.1093314179175
2016-08-15,2881,2891,2865.75,2882,1,8,2803.38463318764
2016-08-22,2882,2891.75,2857.75,2868.75,-1,-1,2809.6099062173885
2016-08-29,2868,2884,2855,2878.25,1,1,2816.1470580062087
2016-09-06,2879.5,2889.5,2820,2823,-1,-1,2816.7997191484747
2016-09-12,2822,2863,2807.25,2839.25,1,1,2818.937841134334
2016-09-19,2839,2879.5,2833,2864.75,1,2,2823.3009038834452
2016-09-26,2863,2875,2839.5,2867.25,1,3,2827.4865320850217
2016-10-03,2865.5,2870.75,2842.75,2853.25,-1,-1,2829.940195695972
2016-10-10,2858.75,2870.25,2814.5,2833.75,-1,-2,2830.3030342011175
2016-10-17,2833,2851.25,2823.5,2841.5,1,1,2831.369411896249
2016-10-24,2843.75,2856.5,2819.25,2830.5,-1,-1,2831.286610763273
2016-10-31,2826.75,2837.25,2785.5,2786.75,-1,-2,2827.0450287858184
2016-11-07,2812.75,2887.25,2735.25,2868.25,1,1,2830.9693117585975
2016-11-14,2871.25,2894.25,2859,2887.5,1,2,2836.3531868292075
2016-11-21,2886.25,2918.5,2885.25,2918,1,3,2844.1290737978543
2016-11-28,2914.75,2920.5,2891,2898.75,-1,-1,2849.3310667694873
2016-12-05,2890.75,2968,2885.75,2966.75,1,1,2860.5138223152503
2016-12-12,2967.5,2985.25,2955.25,2967.5,0,0,2870.7029820947505
2016-12-19,2968.25,2981.75,2963.75,2972.25,1,1,2880.374126657155
2016-12-27,2971,2981.75,2940.25,2948.5,-1,-1,2886.8623050707592
2017-01-03,2953,2989.25,2951.75,2983.75,1,1,2896.0897045878296
2017-01-09,2983.5,2987.5,2960.75,2984.75,1,2,2904.5335422461317
2017-01-17,2982.5,2985,2965.25,2978.25,-1,-1,2911.5541572703096
2017-01-23,2978.25,3011.75,2964,3001.25,1,1,2920.096618482661
2017-01-30,2994.25,3006.25,2974.5,3003.25,1,2,2928.015988150979
2017-02-06,3005.25,3028,2993.25,3025,1,3,2937.252560708029
2017-02-13,3026.5,3063.75,3025.5,3060.25,1,4,2948.9666025453594
2017-02-21,3058.75,3079.75,3058.25,3077.25,1,5,2961.184068969611
2017-02-27,3075,3113.25,3069.75,3093.5,1,6,2973.7855862106003
2017-03-06,3092.5,3093,3066.25,3084,-1,-1,2984.282197047686
2017-03-13,3083,3104.25,3070.25,3090.75,1,1,2994.4219878050494
2017-03-20,3089.25,3094.25,3047.25,3060.25,-1,-1,3000.6913222998064
2017-03-27,3052.5,3082.25,3033.25,3074.75,1,1,3007.744529699825
2017-04-03,3073,3090.5,3052.25,3067.75,-1,-1,3013.45933639508
2017-04-10,3067.25,3078.75,3039.5,3043,-1,-2,3016.272732928882
2017-04-17,3039.5,3073.75,3038.25,3063,1,1,3020.722948840417
2017-04-24,3081.25,3110.25,3080.75,3096,1,2,3027.8921918079964
2017-05-01,3097,3114.75,3091,3113.25,1,3,3036.0215068739017
2017-05-08,3118,3119.25,3094.5,3104.25,-1,-1,3042.5194586001967
2017-05-15,3104.25,3120,3060,3097,-1,-2,3047.7080815906543
2017-05-22,3097.25,3133.25,3093.75,3129.25,1,1,3055.4739785820207
2017-05-30,3129.5,3155.25,3118.25,3153.25,1,2,3064.785980621828
2017-06-05,3150.75,3161.25,3130.25,3146,-1,-1,3072.520649134035
2017-06-12,3145.5,3160.75,3133.75,3148.5,1,1,3079.7567777879362
2017-06-19,3151,3169,3145.5,3152.5,1,2,3086.6847037128946
2017-06-26,3149.5,3165,3119.75,3138.5,-1,-1,3091.619493835476
2017-07-03,3139.5,3154,3122.75,3140,1,1,3096.2271610892403
2017-07-10,3140.5,3178.75,3127.75,3173.5,1,2,3103.5864790807414
2017-07-17,3174.5,3193.75,3165.5,3187,1,3,3111.5306239301945
2017-07-24,3187.25,3198,3174.5,3187.75,1,4,3118.789612127319
2017-07-31,3188,3195.25,3180.75,3189.5,1,5,3125.5239347818597
2017-08-07,3189.75,3206,3147.75,3157.5,-1,-1,3128.5692743264444
2017-08-14,3159,3191.5,3137,3144.25,-1,-2,3130.062676771545
2017-08-21,3146.25,3172.25,3133.25,3160,1,1,3132.9138504123503
2017-08-28,3159.5,3197.25,3138.5,3191.75,1,2,3138.5172932302216
2017-09-05,3178.75,3188.75,3163,3180,1,3,3142.4680272082956
2017-09-11,3185.5,3219.25,3185.5,3216.5,1,4,3149.518691283696
2017-09-18,3218.25,3226.5,3211.25,3218.75,1,5,3156.1121492566776
2017-09-25,3218.25,3237,3204.25,3235.25,1,6,3163.6490874227084
2017-10-02,3237.25,3270,3236.25,3264.25,1,7,3173.2301267157836
2017-10-09,3262.5,3274.75,3258.5,3272,1,8,3182.6367813142806
2017-10-16,3271.5,3293.75,3261.75,3293.25,1,9,3193.171373570063
2017-10-23,3292,3300,3260.75,3297.75,1,10,3203.131242753867
2017-10-30,3294.75,3304.75,3281.5,3302,1,11,3212.5473148725464
2017-11-06,3299.25,3313.75,3282.5,3298.75,-1,-1,3220.757094408494
2017-11-13,3299.5,3308.75,3274.75,3295.5,-1,-2,3227.87546636959
2017-11-20,3295.25,3322.25,3287,3320.25,1,1,3236.6730410010578
2017-11-27,3320.25,3377.75,3315.75,3363.25,1,2,3248.7279894771473
2017-12-04,3373.75,3384.5,3339.25,3370.25,-1,-1,3260.3015142888476
2017-12-11,3371.25,3399.5,3368,3398.25,1,1,3273.439465308957
2017-12-18,3399.25,3414.25,3395.25,3402.25,1,2,3285.7071352795324
2017-12-26,3403,3414.5,3384,3392.25,-1,-1,3295.8540747767197
2018-01-02,3391.5,3459.5,3390.75,3458.75,1,1,3311.367972417032
2018-01-08,3458,3506.25,3452.75,3505,1,2,3329.809117901124
2018-01-16,3506,3531.25,3485.5,3527.25,1,3,3348.61301143435
2018-01-22,3520.25,3592.25,3518.25,3590.75,1,4,3371.673677012031
2018-01-29,3590.5,3594.75,3471.5,3473,-1,-1,3381.323803010885
2018-02-05,3473.25,3479.25,3245.25,3335.25,-1,-2,3376.935821771753
2018-02-12,3344.5,3471,3336.25,3451.25,1,1,3384.013362555396
2018-02-20,3450.75,3466.5,3398.25,3465,1,2,3391.726375645358
2018-02-26,3467.75,3506,3363.25,3406.5,-1,-1,3393.1333874886573
2018-03-05,3399.5,3503.25,3380,3500.25,1,1,3403.3349696325945
2018-03-12,3500.25,3518.5,3456.25,3467.25,-1,-1,3409.422115381871
2018-03-19,3467.5,3467.75,3297.25,3309,-1,-2,3399.8581043931217
2018-03-26,3306.25,3391,3302.25,3354.25,1,1,3395.514475403301
2018-04-02,3346.25,3383.5,3263.25,3317,-1,-1,3388.036906317272
2018-04-09,3318.75,3391.75,3318.75,3368.5,1,1,3386.17624857277
2018-04-16,3384.5,3429.75,3371,3382.75,-1,-1,3385.8499391848873
2018-04-23,3394.25,3399.75,3322.5,3382.75,-1,-2,3385.5547068815645
2018-04-30,3381.75,3393.5,3302.5,3374.25,-1,-3,3384.4780681309394
2018-05-07,3374,3443.75,3363.5,3440.75,1,1,3389.837299737517
2018-05-14,3438.5,3452.5,3411.75,3424.25,-1,-1,3393.114699762515
2018-05-21,3440,3453,3415.75,3429.5,-1,-2,3396.5799664517995
2018-05-29,3432.5,3448.25,3386.25,3445,1,1,3401.1913982182946
2018-06-04,3442.25,3491,3440.25,3490,1,2,3409.6493602927426
2018-06-11,3482.25,3503.5,3473,3492,1,3,3417.4922783601005
2018-06-18,3487.5,3494.25,3443.25,3467,-1,-1,3422.2072994686623
2018-06-25,3464.5,3465.5,3400.75,3429,-1,-2,3422.85422332879
2018-07-02,3428.5,3473.75,3406,3470.5,1,1,3427.3919163450955
2018-07-09,3469.5,3514.75,3469.25,3510.75,1,2,3435.3307814550863
2018-07-16,3512.25,3525.75,3497.25,3508.25,-1,-1,3442.2754689355543
2018-07-23,3512.75,3557,3500,3525,1,1,3450.1539957035966
2018-07-30,3523.5,3549,3498.5,3547,1,2,3459.3774246842063
2018-08-06,3549,3571.25,3533.5,3544.25,-1,-1,3467.4605270952343
2018-08-13,3543.25,3564.5,3510.5,3559.75,1,1,3476.250000705212
2018-08-20,3559.25,3585,3553.75,3584.25,1,2,3486.5357149237634
2018-08-27,3585.25,3625,3584.25,3609.5,1,3,3498.246599216738
2018-09-04,3614,3620,3572.5,3582.25,-1,-1,3506.246923100858
2018-09-10,3581.25,3619.75,3574.75,3613.75,1,1,3516.485311376967
2018-09-17,3611,3649.5,3586,3636.25,1,2,3527.8914721982082
2018-09-24,3632,3638.5,3610,3621.5,-1,-1,3536.806570084093
2018-10-01,3625,3647.25,3575.75,3596.5,-1,-2,3542.491658647513
2018-10-08,3600,3602.5,3414.75,3471,-1,-3,3535.6829292525117
2018-10-15,3472.5,3526.75,3447.75,3470,-1,-4,3529.427412180844
2018-10-22,3460.5,3484.5,3329.75,3372,-1,-5,3514.434325306478
2018-10-29,3369.5,3468.75,3305.5,3426.75,1,1,3506.0834371820515
2018-11-05,3425,3520.5,3415.25,3481.5,1,2,3503.7421574504274
2018-11-12,3481.25,3497.75,3373.75,3445.5,-1,-1,3498.1952853122916
2018-11-19,3435.5,3450.5,3328.5,3332,-1,-2,3482.367162901597
2018-11-26,3336,3467.25,3334,3460.75,1,1,3480.308385482397
2018-12-03,3496,3516.5,3323.75,3338.5,-1,-1,3466.802824960264
2018-12-10,3327.5,3389,3285.5,3304.5,-1,-2,3451.3454130592863
2018-12-17,3296.5,3316.25,3108.5,3112.75,-1,-3,3419.0982308631637
2018-12-24,3107,3222.25,3016,3185.25,1,1,3396.8269707809577
2018-12-31,3194.75,3238.5,3137.75,3230.5,1,2,3380.986306897057
2019-01-07,3236.5,3298.75,3222.5,3294.25,1,3,3372.7257062401945
2019-01-14,3287.75,3377,3266.5,3370.75,1,4,3372.5375437411285
2019-01-22,3368.5,3372.75,3311.75,3362.75,-1,-1,3371.605396718164
2019-01-28,3359.25,3415.25,3321.5,3403.5,1,1,3374.6429779831005
2019-02-04,3398.5,3437,3380,3405.5,1,2,3377.58174198471
2019-02-11,3410,3477.75,3399.75,3476.25,1,3,3386.978718938547
2019-02-19,3476.25,3497.25,3463.5,3490.5,1,4,3396.8378885634474
2019-02-25,3498.75,3513.25,3474.25,3504.25,1,5,3407.0676134621667
2019-03-04,3513.25,3519,3421.25,3446.25,-1,-1,3410.7992693229126
2019-03-11,3444.75,3530.75,3436,3524,1,1,3421.580291292159
2019-03-18,3521.25,3560.25,3499.5,3505,-1,-1,3429.5250254548105
2019-03-25,3507.25,3535,3483.75,3532,1,1,3439.2845468400665
2019-04-01,3538.75,3592.25,3538.75,3590.25,1,2,3453.6622090457745
2019-04-08,3590.5,3609,3571.5,3606.75,1,3,3468.2419986604627
2019-04-15,3606.25,3617.75,3583.75,3604.25,-1,-1,3481.1951416451807
2019-04-22,3603,3637,3593.25,3635.75,1,1,3495.9146519646874
2019-04-29,3633.5,3655.5,3595.25,3641.75,1,2,3509.8037327299553
2019-05-06,3612,3632.5,3520.25,3581.25,-1,-1,3516.608139136626
2019-05-13,3552.75,3588.25,3494,3556.25,1,1,3520.3835544569474
2019-05-20,3555.75,3570.75,3500,3526,-1,-1,3520.9184540324763
2019-05-28,3525.25,3535.5,3444.25,3446.75,-1,-2,3513.854791743669
2019-06-03,3435.25,3580.5,3423,3569.25,1,1,3519.1305258633197
2019-06-10,3587.5,3605.75,3561.5,3584.75,-1,-1,3525.3799995906224
2019-06-17,3585,3659.25,3579,3640.5,1,1,3536.3438091534204
2019-06-24,3638,3651.75,3604.5,3634.25,-1,-1,3545.668208281666
2019-07-01,3660,3696,3645.5,3680.5,1,1,3558.50933130246
2019-07-08,3680.75,3708,3653.5,3705.5,1,2,3572.5084426069875
2019-07-15,3705.25,3713.5,3659.5,3667,-1,-1,3581.5076385491793
2019-07-22,3664.5,3719.5,3662.5,3714.5,1,1,3594.173577734972
2019-07-29,3712,3717.5,3603.5,3622.5,-1,-1,3596.871332236403
2019-08-05,3619.25,3630.75,3465.75,3609.75,-1,-2,3598.097872023412
2019-08-12,3608.75,3634.25,3507.75,3581.5,-1,-3,3596.5171223068965
2019-08-19,3583,3629.75,3524,3545.5,-1,-4,3591.6583487538587
2019-08-26,3521,3636.5,3500.25,3614.75,1,1,3593.857553634444
2019-09-03,3591,3678.25,3579,3670.75,1,2,3601.180643764497
2019-09-09,3670.25,3713.75,3647.25,3696.5,1,3,3610.258677691688
2019-09-16,3683.5,3712,3668.25,3677,-1,-1,3616.614994102003
2019-09-23,3683.25,3699.75,3633.75,3651.25,-1,-2,3619.9135660922884
2019-09-30,3663.5,3682,3542.5,3638.5,-1,-3,3621.6837026549274
2019-10-07,3617.25,3681.5,3569.25,3658.25,1,1,3625.166207163982
2019-10-14,3655.5,3695.5,3641.25,3675.75,1,2,3629.983711243603
2019-10-21,3672.25,3714,3669.5,3707.75,1,3,3637.390024458498
2019-10-28,3710.5,3752.5,3707.75,3750.75,1,4,3648.1862126053074
2019-11-04,3752.25,3784.5,3750.5,3778,1,5,3660.549430452421
2019-11-11,3778,3807,3762,3805.75,1,6,3674.378056123619
2019-11-18,3806.5,3820,3778.25,3799,-1,-1,3686.246812683274
2019-11-25,3806.5,3842.5,3804,3831.25,1,1,3700.056640046772
2019-12-02,3833.75,3845.5,3757,3833.5,-1,-1,3712.765531470889
2019-12-09,3834,3872.5,3803.75,3859.5,1,1,3726.7402427593756
2019-12-16,3864,3912.75,3861.25,3909,1,2,3744.0983148775304
2019-12-23,3910.25,3937.25,3905.75,3920.75,1,3,3760.922284889194
2019-12-30,3921.5,3946.75,3890,3918.75,-1,-1,3775.953495852128
2020-01-06,3903.5,3970.25,3864.25,3948,1,1,3792.3388771995446
2020-01-13,3949,4013.5,3948.75,4008.25,1,2,3812.9018412757787
2020-01-21,4008.25,4020.75,3963.75,3976.75,-1,-1,3828.5064278209425
2020-01-27,3953,3980.75,3896,3907.25,-1,-2,3836.0058156475193
2020-02-03,3906,4041,3905.25,4008.75,1,1,3852.457642728708
2020-02-10,4005.5,4071.75,3986.75,4064.25,1,2,3872.628343421212
2020-02-18,4065.5,4080.75,4011.25,4022.5,-1,-1,3886.9018345239538
2020-02-24,3992.25,3995.25,3536.5,3634.25,-1,-2,3862.839755045482
2020-03-02,3583.25,3820.25,3572.5,3647.25,1,1,3842.307397422103
2020-03-09,3599.25,3599.25,3076.75,3379.25,-1,-1,3798.2066929057123
2020-03-16,3357,3358.25,2954.25,2982.75,-1,-2,3720.544150724216
2020-03-23,2914.5,3328.75,2868.25,3218.25,1,1,3672.706612560005
2020-03-30,3153.25,3330,3119,3177,1,2,3625.4964589828614
2020-04-06,3179.25,3503.75,3179,3474,1,3,3611.0682247940176
2020-04-13,3505.25,3579.25,3405.25,3564.25,1,4,3606.6093462422064
2020-04-20,3555.75,3569.75,3411.5,3523.75,-1,-1,3598.717979933425
2020-04-27,3523.25,3659.25,3506,3516,-1,-2,3590.8400770826224
2020-05-04,3483.25,3627.25,3465.25,3622.75,1,1,3593.8791173604677
2020-05-11,3615,3641.25,3454.5,3540.75,-1,-1,3588.8192014213755
2020-05-18,3554,3670.5,3544.25,3647.25,1,1,3594.3840393812443
2020-05-26,3642.75,3759.75,3641.75,3736.25,1,2,3607.895083249697
2020-06-01,3724,3904.75,3702.25,3881,1,3,3633.9050753211545
2020-06-08,3886.75,3925.5,3676.25,3729,-1,-1,3642.961734814378
2020-06-15,3687,3861.5,3629.25,3764.75,1,1,3654.5606172130088
2020-06-22,3745.5,3851,3697.75,3712.25,-1,-1,3660.0548441451033
2020-06-29,3691.5,3861.75,3688.75,3834.25,1,1,3676.6448589884267
2020-07-06,3830.5,3889.25,3810.5,3883.75,1,2,3696.369158132386
2020-07-13,3888.75,3938.5,3824.25,3919.25,1,3,3717.595904976921
2020-07-20,3919.75,3989.75,3895.5,3909.25,-1,-1,3735.8486759314997
2020-07-27,3916,3979,3897.25,3968.75,1,1,3758.029754414214
2020-08-03,3977.25,4053,3960,4050,1,2,3785.8364444700032
2020-08-10,4052.25,4087.75,4024.75,4066.75,1,3,3812.590116425241
2020-08-17,4071.25,4101.5,4050,4097.75,1,4,3839.748200575218
2020-08-24,4104,4214.75,4098.75,4209.75,1,5,3874.986467187102
2020-08-31,4213.75,4292.25,4053,4122.75,-1,-1,3898.5829941216634
2020-09-08,4125.75,4152.25,4000.75,4039,-1,-2,3911.956042300553
2020-09-14,4055.25,4135,3996.25,4031.75,-1,-3,3923.3649906528813
2020-09-21,4030,4041.75,3913.5,4002.75,-1,-4,3930.9254677335593
2020-09-28,4006.5,4103.5,4003,4054.75,1,1,3942.718280330363
2020-10-05,4075.5,4195.5,4046,4188.75,1,2,3966.1498726798523
2020-10-12,4183,4256.5,4147,4177.75,-1,-1,3986.302265757962
2020-10-19,4186.5,4212,4118,4167.25,-1,-2,4003.5353833048225
2020-10-26,4161.25,4161.75,3940.5,3980.25,-1,-3,4001.317727751982
2020-11-02,3975.5,4238,3958.75,4216.25,1,1,4021.787467966079
2020-11-09,4238,4383.5,4222,4297.5,1,2,4048.045804350262
2020-11-16,4302.5,4352.5,4257.75,4269.75,-1,-1,4069.160489650237
2020-11-23,4262,4370.5,4261,4352,1,1,4096.097585874024
2020-11-30,4359.25,4415.5,4307.75,4413.5,1,2,4126.326387219355
2020-12-07,4410.25,4430.25,4343.75,4376.75,-1,-1,4150.176255103226
2020-12-14,4393.25,4445,4358.25,4428.25,1,1,4176.659468902919
2020-12-21,4440.25,4446,4318,4417,-1,-1,4199.549043293117
2020-12-28,4404,4475,4398,4470.75,1,1,4225.37770583663
2021-01-04,4470.75,4546.5,4374.5,4539.5,1,2,4255.29411480457
2021-01-11,4537.5,4542.75,4463.5,4484.25,-1,-1,4277.099437204135
2021-01-19,4472,4581.75,4462.5,4556.25,1,1,4303.685205089456
2021-01-25,4557.5,4584.25,4407.5,4427.25,-1,-1,4315.453280795222
2021-02-01,4414.25,4610.25,4378.5,4602.25,1,1,4342.76725405282
2021-02-08,4611,4658.25,4600.25,4653,1,2,4372.313229857314
2021-02-16,4658.5,4681.25,4602.5,4625,-1,-1,4396.37863653757
2021-02-22,4627.5,4656.5,4507,4531.25,-1,-2,4409.223528295896
2021-03-01,4539.25,4634,4442.5,4561,1,1,4423.678430362954
2021-03-08,4576.75,4680.5,4518.25,4664.25,1,2,4446.590008423625
2021-03-15,4667.75,4709.75,4606.25,4631,-1,-1,4464.152864764232
2021-03-22,4624.75,4699.25,4574.5,4696,1,1,4486.233544310496
2021-03-29,4693.5,4769.25,4660,4758.5,1,2,4512.163682947591
2021-04-05,4761.25,4852.75,4752.25,4850.75,1,3,4544.409998857344
2021-04-12,4845.5,4914.75,4832.5,4907.5,1,4,4578.989998966169
2021-04-19,4896.25,4918,4841.75,4902.75,1,5,4609.824284778915
2021-04-26,4902,4942.25,4895,4905.75,1,6,4638.007686228542
2021-05-03,4912.75,4963.5,4851.75,4956.5,1,7,4668.34028754011
2021-05-10,4958,4969.5,4760.5,4900.25,-1,-1,4690.426926822004
2021-05-17,4900.25,4916.25,4786.75,4883,-1,-2,4708.767219505623
2021-05-24,4882.75,4948.75,4873.75,4933.75,1,1,4730.194150981278
2021-06-01,4937.75,4963.25,4896.5,4959.5,1,2,4752.032803268775
2021-06-07,4963.5,4980.25,4937,4977,1,3,4773.45825057651
2021-06-14,4979.25,4998.5,4881,4893.75,-1,-1,4784.914607664462
2021-06-21,4882.75,5017,4867,5011.5,1,1,4806.4941688392755
2021-06-28,5015.25,5087.25,5004.5,5083,1,2,4832.828057521249
2021-07-06,5081.25,5104.25,5019.5,5100.25,1,3,4858.296813947797
2021-07-12,5102.25,5124.75,5054.5,5058.75,-1,-1,4877.387593571816
2021-07-19,5060.25,5148.5,4964.25,5143.25,1,1,4902.707822755453
2021-07-26,5140.75,5162.75,5105,5129.75,-1,-1,4924.330887254933
2021-08-02,5136.75,5173.5,5105.5,5169.75,1,1,4947.7041360877965
2021-08-09,5168.25,5203.5,5152.5,5202.75,1,2,4971.994218365149
2021-08-16,5196.5,5216.75,5088,5177.25,-1,-1,4991.542388044659
2021-08-23,5175.25,5250.25,5173.75,5245.75,1,1,5015.75263680231
2021-08-30,5249,5289.75,5241,5274.75,1,2,5040.419052344947
2021-09-07,5273.25,5288.25,5196.75,5198.5,-1,-1,5055.474380693047
2021-09-13,5201.25,5233,5156.25,5171.5,-1,-2,5066.524439674662
2021-09-20,5161.5,5204.75,5043.5,5195.5,1,1,5078.807826372314
2021-09-27,5195.75,5221.75,5009.75,5093.5,-1,-1,5080.207081003522
2021-10-04,5098.75,5171.25,5017.25,5132,1,1,5085.139739955567
2021-10-11,5130.75,5217.25,5067,5212.25,1,2,5097.245479007418
2021-10-18,5215.25,5301.25,5186,5286.25,1,3,5115.2459095781405
2021-10-25,5278.5,5353.25,5272.25,5346.75,1,4,5137.293918189746
2021-11-01,5357.75,5461.5,5336.25,5440,1,5,5166.123068838342
2021-11-08,5428.25,5456.75,5375,5428,-1,-1,5191.063728948976
2021-11-15,5434.5,5473.25,5416.75,5444.25,1,1,5215.176707144312
2021-11-22,5450.75,5490.25,5327,5345.5,-1,-1,5227.588449321044
2021-11-29,5338.75,5419.5,5241.75,5287.25,-1,-2,5233.270501766659
2021-12-06,5292,5462.5,5281.25,5460.75,1,1,5254.93521588412
2021-12-13,5461,5502.25,5349,5369,-1,-1,5265.798528657061
2021-12-20,5371,5490.25,5279.25,5474.75,1,1,5285.69866878496
2021-12-27,5476,5558.75,5472.25,5517.5,1,2,5307.774986043535
2022-01-03,5530,5567.25,5412.75,5426.75,-1,-1,5319.105939753675
2022-01-10,5430.25,5498.5,5331.75,5413.75,-1,-2,5328.119659777134
2022-01-18,5425,5430.75,5140.25,5149,-1,-3,5311.060644560264
2022-01-24,5148,5205.25,4971.75,5182.25,1,1,5298.792964125953
2022-01-31,5182.5,5345,5154.5,5251.5,1,2,5294.288872304434
2022-02-07,5256,5344,5152.25,5168.5,-1,-1,5282.308979704012
2022-02-14,5170.75,5243.5,5080,5102.5,-1,-2,5265.184314970296
2022-02-22,5083.25,5150.25,4860.75,5139,1,1,5253.166761163601
2022-02-28,5058.5,5177.75,5010.5,5086.25,1,2,5237.269926767068
2022-03-07,5067.75,5094.5,4897.75,4960.5,-1,-1,5210.910886122585
2022-03-14,4975,5233.25,4897,5221,1,1,5211.87175411091
2022-03-21,5227.5,5306.5,5182.5,5304,1,2,5220.645872767013
2022-03-28,5302.75,5398.5,5268.75,5306.75,1,3,5228.846265836822
2022-04-04,5305.75,5356.25,5212,5251,-1,-1,5230.956145280934
2022-04-11,5256.25,5258.75,5143,5155,-1,-2,5223.722226682749
2022-04-18,5157.5,5276.5,5015,5034.75,-1,-3,5205.724871760583
2022-04-25,5026.5,5071,4886.25,4895,-1,-4,5176.132026831004
2022-05-02,4911.5,5070.5,4823.5,4887,-1,-5,5148.595643323289
2022-05-09,4854.75,4866.5,4622.5,4787.25,-1,-6,5114.181772530595
2022-05-16,4792.5,4862.5,4575,4667,-1,-7,5071.593032289586
2022-05-23,4678,4935.75,4639.5,4923.25,1,1,5057.465124452482
2022-05-31,4932,4969.75,4839,4874.5,-1,-1,5040.039874504627
2022-06-06,4878,4935.75,4662.75,4666.5,-1,-2,5004.464648361329
2022-06-13,4638.25,4644,4403.5,4440.25,-1,-3,4950.729919945964
2022-06-21,4448.5,4684.25,4426,4680.75,1,1,4925.017546617777
2022-06-27,4679.5,4714.5,4505.75,4591.75,-1,-1,4893.277780273227
2022-07-05,4593,4686.5,4508.5,4665.75,1,1,4871.608467866253
2022-07-11,4664.5,4665.25,4488.25,4629.5,-1,-1,4848.550518545658
2022-07-18,4643,4780.75,4584.75,4729.5,1,1,4837.212373922262
2022-07-25,4732.25,4908.5,4677.75,4898,1,2,4843.001671643951
2022-08-01,4902,4937.75,4845,4911.25,1,3,4849.501512439765
2022-08-08,4914.25,5047.25,4877.5,5045.5,1,4,4868.168035064549
2022-08-15,5041.5,5092,4985.25,4996,-1,-1,4880.342507915545
2022-08-22,4985.5,4986,4807.25,4824,-1,-2,4874.976554780731
2022-08-29,4788.5,4837.25,4668,4689,-1,-3,4857.264501944471
2022-09-06,4693.5,4841.75,4648,4831.75,1,1,4854.834549378331
2022-09-12,4841.75,4920.25,4598.25,4635.25,-1,-1,4833.921735151823
2022-09-19,4634.75,4681.5,4405.5,4454.25,-1,-2,4797.762522280221
2022-09-26,4450.5,4496.5,4340.5,4346.75,-1,-3,4754.808948729724
2022-10-03,4338.5,4565.25,4317,4398.5,1,1,4720.874763136417
2022-10-10,4384,4479,4247.25,4342.75,-1,-1,4684.862880932948
2022-10-17,4336.25,4522.5,4335.75,4509.25,1,1,4668.13784465362
2022-10-24,4516.25,4669.5,4481.75,4656.5,1,2,4667.0294784961325
2022-10-31,4656.75,4673.25,4449.5,4524.75,-1,-1,4653.479051972691
2022-11-07,4495.25,4755,4483.5,4745.5,1,1,4662.242951784816
2022-11-14,4729.25,4796,4657.75,4719.25,-1,-1,4667.672194471977
2022-11-21,4717.75,4794.5,4682.75,4777.75,1,1,4678.155794998455
2022-11-28,4765.5,4855.25,4686.5,4820.75,1,2,4691.736195474793
2022-12-05,4819.25,4821,4659.25,4681.5,-1,-1,4690.761319715289
2022-12-12,4678.25,4892,4567.25,4591,-1,-2,4681.260241647166
2022-12-19,4586,4631.75,4500.5,4581.75,-1,-3,4671.7830757760075
2022-12-27,4590,4612.5,4516.5,4573,-1,-4,4662.37516379734
2023-01-03,4607,4640.75,4526.5,4627.5,1,1,4659.053719626165
2023-01-09,4630.5,4736.25,4603.5,4730.25,1,2,4665.834317757006
2023-01-17,4732,4747.25,4613.75,4700.5,-1,-1,4669.135811303958
2023-01-23,4699,4821.25,4675.25,4796.25,1,1,4681.241924513105
2023-01-30,4789,4920.5,4719.5,4859.75,1,2,4698.242693607095
2023-02-06,4846.25,4900.25,4772.75,4811.75,-1,-1,4709.052913263562
2023-02-13,4817,4898.5,4767.75,4799.5,-1,-2,4717.666921524175
2023-02-21,4795,4801.25,4659.5,4687.75,-1,-3,4714.817690902825
2023-02-27,4688.5,4765,4637,4761.75,1,1,4719.287434626366
2023-03-06,4761.25,4794.5,4558.25,4574.75,-1,-1,4705.521964661951
2023-03-13,4599.75,4689.25,4520.75,4627,1,1,4698.043682313193
2023-03-20,4643.75,4753.75,4577.25,4681.25,1,2,4696.444283997651
2023-03-27,4688,4822.5,4660.75,4817.75,1,3,4707.997209331208
2023-04-03,4807,4851.75,4776.5,4812,1,4,4717.90223701395
2023-04-10,4819,4869,4778.75,4843.75,1,5,4729.887738250717
2023-04-17,4854.25,4878.25,4815.25,4836.75,-1,-1,4740.065096512553
2023-04-24,4830,4873.75,4748.75,4868.5,1,1,4752.296992082786
2023-05-01,4870,4886.25,4742.25,4830.25,-1,-1,4759.721088074902
2023-05-08,4831,4853.25,4791.75,4818,-1,-2,4765.271460639196
2023-05-15,4812.25,4907.25,4800,4884.75,1,1,4776.650369149749
2023-05-22,4869,4902.75,4794,4893.25,1,2,4787.7550958973925
2023-05-30,4919.75,4977.75,4854,4968,1,3,4804.921277240498
2023-06-05,4968,5005.5,4942.75,4984.75,1,4,4822.047822265213
2023-06-12,4986.5,5128.5,4985.25,5088.5,1,5,4847.424220144716
2023-06-20,5092.75,5096.75,5016.25,5023.75,-1,-1,4864.217151559505
2023-06-26,5024.75,5132.75,5003.25,5123,1,1,4888.863137125266
2023-07-03,5120.25,5128.75,5054.25,5068.75,-1,-1,4905.995219303812
2023-07-10,5072.25,5195.25,5046,5171.5,1,1,4931.2813888939245
2023-07-17,5170.75,5244,5162.75,5199.5,1,2,4956.826018523075
2023-07-24,5199,5269.25,5188.5,5241.25,1,3,4983.914016758972
2023-07-31,5243.5,5256.5,5128.5,5132.75,-1,-1,4998.088872305737
2023-08-07,5135.25,5179.5,5093.75,5115.5,-1,-2,5009.270884467095
2023-08-14,5119.75,5152.5,4984.75,5017.5,-1,-3,5010.054609755944
2023-08-21,5017.25,5120.25,5000,5049,1,1,5013.763694541092
2023-08-28,5052.75,5182.5,5049.25,5156.25,1,2,5027.333818870512
2023-09-05,5156,5166,5069,5096.5,-1,-1,5033.921074216178
2023-09-11,5098.25,5151.5,5079.5,5083.5,-1,-2,5038.64287667178
2023-09-18,5085,5100,4942.75,4946.5,-1,-3,5029.8673646078005
2023-09-25,4950.5,4969,4862.5,4911,-1,-4,5018.546663216582
2023-10-02,4934.5,4944,4821,4927,-1,-5,5009.827933386431
2023-10-09,4900.5,5016,4885,4942.75,1,1,5003.439558778199
2023-10-16,4942.25,5008.75,4829,4834,-1,-1,4987.30245794218
2023-10-23,4841.75,4876,4707.75,4723.25,-1,-2,4962.154604804829
2023-10-30,4733.5,4977.25,4729,4961.5,1,1,4962.092261490084
2023-11-06,4964.75,5021,4939.75,5016,1,2,4967.226331824361
2023-11-13,5011.25,5126.75,4992.75,5113,1,3,4981.10953831728
2023-11-20,5112.25,5166,5105.5,5153.75,1,4,4997.551487048967
2023-11-27,5154,5193.25,5130.25,5186.25,1,5,5015.522773996684
2023-12-04,5188.75,5199.25,5134.25,5193,1,6,5032.425366949381
2023-12-11,5193.25,5324.75,5185,5301,1,7,5058.003903430393
2023-12-18,5303.5,5363.75,5276.25,5338.25,1,8,5084.694007865593
2023-12-26,5333.25,5374.5,5329.75,5353,1,9,5110.246959497442
2024-01-02,5351,5361,5235,5267.75,-1,-1,5125.247249069114
2024-01-08,5268.75,5371,5248.25,5349.5,1,1,5146.604653919675
2024-01-16,5345,5407.25,5279.25,5402.5,1,2,5170.975639260659
2024-01-22,5405.5,5467.25,5405.5,5449.25,1,3,5197.477959331072
2024-01-29,5441.75,5530.75,5399,5513.25,1,4,5227.551487013828
2024-02-05,5509,5581.5,5470.75,5577,1,5,5260.832297774416
2024-02-12,5575.5,5599.5,5469.5,5552.75,-1,-1,5288.633983700662
2024-02-20,5549.5,5656.5,5492,5634.5,1,1,5321.573604300599
2024-02-26,5628,5682.25,5593,5679,1,2,5355.614213414828
2024-03-04,5675,5726,5596,5662,-1,-1,5384.793812137225
2024-03-11,5665.5,5723.75,5627.75,5653,-1,-2,5410.337258600347
2024-03-18,5656,5793,5652,5763.5,1,1,5443.971805400314
2024-03-25,5760.75,5791.25,5733.25,5778.75,1,2,5475.855442981237
2024-04-01,5784.5,5803.75,5661.75,5723.25,-1,-1,5499.416829363976
2024-04-08,5733.5,5755.25,5620.25,5637.75,-1,-2,5512.591417043597
2024-04-15,5636.75,5683.5,5433.75,5474,-1,-3,5508.916043991826
2024-04-22,5484.5,5616.75,5476.25,5601.75,1,1,5517.757373135461
2024-04-29,5610.5,5637,5506.5,5625,1,2,5527.97095664637
2024-05-06,5637,5734.25,5626,5716.5,1,3,5545.92610363243
2024-05-13,5710.75,5819.25,5687,5797.5,1,4,5569.885522334103
2024-05-20,5799.5,5838.5,5743.75,5791.75,-1,-1,5591.015472587998
2024-05-28,5792,5809.25,5675.75,5765.75,-1,-2,5607.656856151046
2024-06-03,5769.75,5855.75,5717,5826,1,1,5628.451441279518
2024-06-10,5821.75,5924.75,5804.75,5907.75,1,2,5655.051304014802
2024-06-17,5905.5,5993.5,5895.25,5939.75,1,3,5682.165465537201
2024-06-24,5944,5990.5,5915.75,5927,-1,-1,5705.483040247944
2024-07-01,5939.75,6031.5,5908.25,6027,1,1,5736.103703081473
2024-07-08,6017.5,6113.75,6016.25,6070.25,1,2,5767.927159930857
2024-07-15,6086.5,6126.75,5947.5,5959.25,-1,-1,5786.148382794585
2024-07-22,5970,6035.25,5838,5904.5,-1,-2,5797.419965385577
2024-07-29,5902,6006.25,5737.25,5781.5,-1,-3,5795.903778205998
2024-08-05,5735.5,5790.75,5525.5,5775.75,1,1,5793.9843707578075
2024-08-12,5769.75,5991.75,5753.25,5983.75,1,2,5812.057287828493
2024-08-19,5989.5,6070.75,5970.75,6058,1,3,5835.480403273398
2024-08-26,6056,6074.5,5966.75,6066.5,1,4,5857.482269628313
2024-09-03,6061.75,6075.25,5799.5,5825,-1,-1,5854.388720139902
2024-09-09,5815.5,6047,5810.75,6035.25,1,1,5871.613603936102
2024-09-16,6028.25,6141.75,6014.75,6106.25,1,2,5893.959927370759
2024-09-23,6106.25,6174.25,6089.5,6135.5,1,3,5916.963743811639
2024-09-30,6128.25,6166.75,6068.25,6144.25,1,4,5938.610053924816
2024-10-07,6146.25,6212.5,6069.5,6204,1,5,5963.885286884358
2024-10-14,6198.75,6271.5,6194.25,6250.25,1,6,5991.158116704895
2024-10-21,6255.75,6259.75,6145.25,6190.25,-1,-1,6010.119248447286
2024-10-28,6201.25,6237.25,6076.75,6102.5,-1,-2,6018.91741526183
2024-11-04,6086,6384.75,6068.5,6369.5,1,1,6052.306232855941
2024-11-11,6374.25,6397.5,6221,6240.75,-1,-1,6070.253258298232
2024-11-18,6244,6337.75,6199.25,6331.25,1,1,6095.110090841257
2024-11-25,6350.25,6404.25,6320.5,6395.75,1,2,6123.74246314209
2024-12-02,6395.75,6455.25,6380.25,6443.25,1,3,6154.171752366653
2024-12-09,6440.5,6450,6384,6399.75,-1,-1,6177.560156903162
2024-12-16,6399.75,6434.75,6136.75,6272.5,-1,-2,6186.602046721909
2024-12-23,6272.5,6378.25,6235.75,6297.75,1,1,6197.187566081727
2024-12-30,6299.5,6307,6145.5,6260.25,-1,-1,6203.193512169181
2025-01-06,6265.25,6339,6116,6137,-1,-2,6196.889368153069
2025-01-13,6135.25,6322.25,6079.75,6304.25,1,1,6207.1141902337295
2025-01-21,6303,6433,6265.25,6404,1,2,6225.865219735279
2025-01-27,6373,6418.5,6218.75,6338,-1,-1,6236.544722617634
2025-02-03,6253,6394,6206.25,6320.25,1,1,6244.516653796907
2025-02-10,6286.75,6417.5,6284.75,6402.75,1,2,6259.58649629244
2025-02-18,6409,6437.25,6295.25,6299.75,-1,-1,6263.411591883636
2025-02-24,6311.5,6338.25,6118.75,6234,-1,-2,6260.610487894718
2025-03-03,6238.25,6271.25,5943.75,6046.75,-1,-3,6240.242822380936
2025-03-10,6023.75,6028.5,5780,5910.75,-1,-4,6208.862553582751
2025-03-17,5897.5,5989.25,5869.5,5937,1,1,6182.970881812966
2025-03-24,5958.75,6056,5821,5841.75,-1,-1,6150.473654973635
2025-03-31,5808.75,5992,5292.75,5329,-1,-2,6072.23806878567
2025-04-07,5225.75,5747.5,5050.75,5610,1,1,6028.215395567988
2025-04-14,5671.25,5716.5,5469.75,5531.5,-1,-1,5980.909167418656
2025-04-21,5502.5,5781,5346,5768.5,1,1,5960.679722902593
2025-04-28,5762.75,5943.5,5674.25,5927.75,1,2,5957.543558816632
2025-05-05,5923.75,5959.75,5814.75,5896.75,-1,-1,5951.753696072191
2025-05-12,5979.75,6196.25,5953,6194.25,1,1,5974.848582160554
2025-05-19,6149,6212.25,5975.25,6035.75,-1,-1,5980.648717192882
2025-05-27,6038.75,6226.75,6031.75,6134.75,1,1,5995.325029841179
2025-06-02,6117.5,6243.75,6086.25,6225.5,1,2,6017.24645557059
2025-06-09,6228.75,6293.5,6146.25,6198,-1,-1,6034.461078849581
2025-06-16,6167.5,6275.5,6136,6184.5,1,1,6048.750499911525
2025-06-23,6130.5,6405.5,6125.5,6390.25,1,2,6081.274261824713
2025-06-30,6389.75,6499.75,6389.75,6490.75,1,3,6120.27195117474
2025-07-07,6474.25,6502,6412.75,6466.5,-1,-1,6153.24605106286
2025-07-14,6440.5,6523.5,6407.5,6501.25,1,1,6186.389284294968
2025-07-21,6502.25,6597.5,6485.25,6591.5,1,2,6224.971257219257
2025-07-28,6616.5,6635,6406,6431,-1,-1,6244.593042245994
2025-08-04,6423.5,6593.25,6417.75,6580,1,1,6276.53656203209
2025-08-11,6589.25,6675.25,6554,6638,1,2,6310.961651362367
2025-08-18,6633.5,6662.75,6529.25,6649.75,1,3,6343.227208375475
2025-08-25,6659.5,6689.5,6597.25,6639.25,-1,-1,6371.419855196858
2025-09-02,6645.25,6708.25,6538.25,6656.25,1,1,6398.546535654301
2025-09-08,6650.25,6772.5,6646.75,6754.75,1,2,6432.470675115796
2025-09-15,6754.75,6840.25,6719.75,6831.25,1,3,6470.449658438101
2025-09-22,6824.75,6865.5,6733,6805.25,-1,-1,6502.335405253521
2025-09-29,6805.75,6908.75,6788.75,6872.75,1,1,6537.612985705567
2025-10-06,6876.75,6921,6649,6704,-1,-1,6553.459368019322
2025-10-13,6740.75,6875.5,6680,6811.25,1,1,6578.010856779387
2025-10-20,6829.75,6950,6799.5,6935.75,1,2,6612.0812513718265
2025-10-27,6989.75,7062.5,6952.25,6982.75,-1,-1,6647.383036955462
2025-11-03,6986.75,7018.25,6764.25,6862.5,-1,-2,6667.870366769227
2025-11-10,6896.75,7009.25,6779.25,6864,-1,-3,6686.549379457872
2025-11-17,6873.5,6910.25,6633.75,6729,-1,-4,6690.59229569998
2025-11-24,6763.5,6972.5,6733.75,6968.25,1,1,6717.035886585696
2025-12-01,6963.5,7013.75,6910.75,6987,1,2,6742.746754529915
2025-12-08,6991.75,7037.5,6913.75,6939.5,-1,-1,6761.4851588604
2025-12-15,6939.75,6981.25,6822.25,6938,-1,-2,6778.296096111791
2025-12-22,6957,7044.75,6951.25,7030,1,1,6802.267896482096
2025-12-29,7031.25,7035.5,6917.5,6951.25,-1,-1,6816.456668245706
2026-01-05,6962.25,7068.25,6950.25,7055.75,1,1,6839.246509365163
2026-01-12,7057.75,7087,6974,7027.5,-1,-1,6857.175413235147
2026-01-20,6969,7019.75,6865.25,6996.5,1,1,6870.444421498466
2026-01-26,6954.75,7093.75,6929.75,7016.5,1,2,6884.35447659385
2026-02-02,6989.25,7078,6802.25,7003.5,1,3,6895.701669299198
2026-02-09,7011,7062.25,6859.5,6901.25,-1,-1,6896.230081746894
2026-02-17,6903.25,6982.25,6841.75,6974,1,1,6903.636740628142
2026-02-23,6968.75,7034.5,6879.25,6939.75,-1,-1,6907.076098663558
2026-03-02,6870.75,6962,6766.5,6794.5,-1,-2,6896.354565457505
2026-03-09,6736.25,6902.75,6635.25,6686.75,-1,-3,6876.392225890123
2026-03-16,6659.25,6814,6523.75,6559,-1,-4,6846.164394852968
2026-03-23,6510,6748,6389,6412.25,-1,-5,6804.83921439078
2026-03-30,6380,6653.75,6353.25,6603.75,1,1,6785.6878606392775
2026-04-06,6590,6888,6567,6855.25,1,2,6792.312826292679
2026-04-13,6780,7185.75,6767,7161.5,1,3,6827.4735095029
2026-04-20,7102.5,7200.5,7079.25,7194.75,1,4,6862.452222883576
2026-04-27,7185,7300.75,7131.25,7258,1,5,6900.1234397518065
2026-05-04,7276.25,7427.75,7199.5,7419,1,6,6949.5402550135395
2026-05-11,7403.5,7540,7363.25,7432.25,1,7,6995.512611678917
2026-05-18,7410,7524,7354.25,7491,1,8,7042.701886757115
2026-05-26,7519,7611.5,7505.75,7595.75,1,9,7095.37313563739
2026-06-01,7595,7632.25,7359,7400.5,-1,-1,7124.432837005258
2026-06-08,7368,7491,7247.25,7379.75,1,1,7148.748757290472